pre_proCodigoProvincia,pre_depCodigoDepartamento,pre_munCodigoMunicipio,preMesasTotales,preMesasEscrutadas,prePorcenMesasEscrutadas,preVotosValidos,prePorcenVotosValidos,preVotosPositivos,prePorcenVotosPositivos,preVotosEnBlanco,prePorcenVotosEnBlanco,preVotosNulos,prePorcenVotosNulos,preVotosRecurridos,prePorcenVotosRecurridos,preElectores,preTotalVotantes,prePTotalVotantes,preParticipacion,preCandidatos,preParticipEscrutado,prePorcParticipEscrutado,OT_Codigo,OT_Votos,OT_PVotos
"02","001","001",45,44,9.77799988e+01,10773,9.95400009e+01,10287,9.50500031e+01,486,4.48999977e+00,46,4.30000007e-01,4,2.99999993e-02,14220,10823,7.61100006e+01,,1,,7.80400009e+01,"9997",0,0.00000000e+00
"02","002","002",29,29,1.00000000e+02,7524,9.97399979e+01,7171,9.50599976e+01,353,4.67999983e+00,19,2.50000000e-01,1,9.99999978e-03,9012,7544,8.37099991e+01,,1,,8.37099991e+01,"9997",0,0.00000000e+00
"02","003","003",1162,1128,9.70699997e+01,315542,9.88499985e+01,299331,9.37699966e+01,16211,5.07999992e+00,3520,1.10000002e+00,143,5.00000007e-02,407306,319205,7.83700027e+01,,1,,8.07399979e+01,"0504",1631,5.50000012e-01
"02","004","004",819,790,9.64599991e+01,214540,9.90699997e+01,206846,9.55199966e+01,7694,3.54999995e+00,1930,8.89999986e-01,75,3.99999991e-02,286137,216545,7.56800003e+01,,1,,7.84100037e+01,"9997",10791,5.21999979e+00
"02","005","005",58,52,8.96600037e+01,13136,9.95299988e+01,12551,9.50999985e+01,585,4.42999983e+00,59,4.49999988e-01,2,1.99999996e-02,16874,13197,7.82099991e+01,,1,,8.40000000e+01,"9997",0,0.00000000e+00
"02","006","006",162,161,9.93799973e+01,41962,9.83700027e+01,39766,9.32200012e+01,2196,5.15000010e+00,678,1.59000003e+00,17,3.99999991e-02,53781,42657,7.93199997e+01,,1,,7.98399963e+01,"0505",2221,5.59000015e+00
"02","007","007",690,671,9.72500000e+01,176439,9.82699966e+01,167405,9.32399979e+01,9034,5.03000021e+00,2984,1.65999997e+00,128,7.00000003e-02,238581,179551,7.52600021e+01,,1,,7.74199982e+01,"9997",29549,1.76499996e+01
"02","008","008",110,110,1.00000000e+02,29688,9.88799973e+01,28126,9.36800003e+01,1562,5.19999981e+00,322,1.07000005e+00,12,5.00000007e-02,37198,30022,8.07099991e+01,,1,,8.07099991e+01,"9997",0,0.00000000e+00
"02","009","009",82,82,1.00000000e+02,21010,9.90800018e+01,20021,9.44199982e+01,989,4.65999985e+00,177,8.29999983e-01,18,9.00000036e-02,26491,21205,8.00500031e+01,,1,,8.00500031e+01,"0507",784,3.92000008e+00
"02","010","010",70,67,9.57099991e+01,18466,9.94599991e+01,17627,9.49400024e+01,839,4.51999998e+00,84,4.49999988e-01,17,9.00000036e-02,23617,18567,7.86200027e+01,,1,,8.23099976e+01,"9997",0,0.00000000e+00
"02","011","011",685,647,9.44499969e+01,185144,9.92900009e+01,170203,9.12799988e+01,14941,8.01000023e+00,1205,6.49999976e-01,116,5.99999987e-02,239059,186465,7.80000000e+01,,1,,8.26299973e+01,"9997",5638,3.30999994e+00
"02","012","012",214,199,9.29899979e+01,55362,9.89599991e+01,52859,9.44899979e+01,2503,4.46999979e+00,540,9.70000029e-01,42,7.00000003e-02,74769,55944,7.48199997e+01,,1,,8.05400009e+01,"9997",3911,7.40000010e+00
"02","013","013",91,88,9.66999969e+01,22758,9.92300034e+01,21903,9.55000000e+01,855,3.73000002e+00,169,7.40000010e-01,7,2.99999993e-02,29130,22934,7.87300034e+01,,1,,8.16900024e+01,"9997",0,0.00000000e+00
"02","014","014",105,101,9.61900024e+01,26998,9.90500031e+01,26025,9.54800034e+01,973,3.56999993e+00,257,9.39999998e-01,2,9.99999978e-03,34856,27257,7.81999969e+01,,1,,8.15100021e+01,"0511",250,9.49999988e-01
"02","015","015",62,57,9.19400024e+01,15871,9.89599991e+01,15055,9.38700027e+01,816,5.09000015e+00,156,9.70000029e-01,11,7.00000003e-02,20535,16038,7.80999985e+01,,1,,8.39100037e+01,"0347",332,2.20000005e+00
"02","016","016",208,192,9.23099976e+01,54250,9.87399979e+01,52362,9.53000031e+01,1888,3.44000006e+00,677,1.23000002e+00,16,2.99999993e-02,72012,54943,7.63000031e+01,,1,,8.27699966e+01,"9997",3111,5.94000006e+00
"02","017","017",111,103,9.27900009e+01,28060,9.92900009e+01,26612,9.41699982e+01,1448,5.11999989e+00,185,6.49999976e-01,15,5.99999987e-02,37206,28260,7.59599991e+01,,1,,8.21800003e+01,"9997",0,0.00000000e+00
"02","018","018",35,34,9.71399994e+01,9022,9.92900009e+01,8643,9.51200027e+01,379,4.17000008e+00,55,6.10000014e-01,9,1.00000001e-01,11709,9086,7.75999985e+01,,1,,8.00000000e+01,"0513",117,1.35000002e+00
"02","019","019",57,55,9.64899979e+01,14715,9.98399963e+01,14096,9.56399994e+01,619,4.19999981e+00,20,1.40000001e-01,3,1.99999996e-02,18328,14738,8.04100037e+01,,1,,8.21900024e+01,"9997",0,0.00000000e+00
"02","020","020",31,30,9.67699966e+01,8060,9.96299973e+01,7781,9.61800003e+01,279,3.45000005e+00,28,3.49999994e-01,2,1.99999996e-02,9811,8090,8.24599991e+01,,1,,8.55000000e+01,"9997",0,0.00000000e+00
"02","021","021",36,35,9.72200012e+01,9645,9.96100006e+01,9350,9.65599976e+01,295,3.04999995e+00,35,3.60000014e-01,3,2.99999993e-02,12088,9683,8.00999985e+01,,1,,8.25000000e+01,"0513",66,7.09999979e-01
"02","022","022",72,71,9.86100006e+01,18130,9.88099976e+01,17022,9.27699966e+01,1108,6.03999996e+00,216,1.17999995e+00,2,9.99999978e-03,24196,18348,7.58300018e+01,,1,,7.69400024e+01,"9997",0,0.00000000e+00
"02","023","023",23,23,1.00000000e+02,5998,9.91500015e+01,5769,9.53600006e+01,229,3.78999996e+00,51,8.39999974e-01,1,9.99999978e-03,7190,6050,8.41399994e+01,,1,,8.41399994e+01,"9997",0,0.00000000e+00
"02","024","024",60,57,9.50000000e+01,15066,9.92799988e+01,14425,9.50599976e+01,641,4.21999979e+00,107,7.09999979e-01,2,9.99999978e-03,19955,15175,7.60500031e+01,,1,,7.99000015e+01,"0507",418,2.90000010e+00
"02","025","025",47,42,8.93600006e+01,10073,9.84899979e+01,9579,9.36600037e+01,494,4.82999992e+00,153,1.50000000e+00,1,9.99999978e-03,13699,10227,7.46600037e+01,,1,,8.15699997e+01,"9997",0,0.00000000e+00
"02","026","026",63,63,1.00000000e+02,15602,9.89300003e+01,13635,8.64599991e+01,1967,1.24700003e+01,166,1.04999995e+00,3,1.99999996e-02,19937,15771,7.90999985e+01,,1,,7.90999985e+01,"9997",0,0.00000000e+00
"02","027","027",140,137,9.78600006e+01,34261,9.79800034e+01,32701,9.35199966e+01,1560,4.46000004e+00,678,1.94000006e+00,29,7.99999982e-02,47659,34968,7.33700027e+01,,1,,7.50199966e+01,"9997",5115,1.56400003e+01
"02","028","028",101,97,9.60400009e+01,25087,9.78600006e+01,24215,9.44599991e+01,872,3.40000010e+00,527,2.05999994e+00,20,7.99999982e-02,32905,25634,7.79000015e+01,,1,,8.13600006e+01,"9997",1245,5.13999987e+00
"02","029","029",120,116,9.66699982e+01,31000,9.90100021e+01,29728,9.49499969e+01,1272,4.05999994e+00,292,9.30000007e-01,17,5.99999987e-02,39525,31309,7.92099991e+01,,1,,8.17799988e+01,"0513",555,1.87000000e+00
"02","030","030",92,85,9.23899994e+01,23355,9.98399963e+01,21940,9.37900009e+01,1415,6.05000019e+00,36,1.50000006e-01,2,9.99999978e-03,30055,23393,7.78300018e+01,,1,,8.21900024e+01,"9997",1613,7.34999990e+00
"02","031","031",166,160,9.63899994e+01,43592,9.95800018e+01,42402,9.68600006e+01,1190,2.72000003e+00,183,4.19999987e-01,3,0.00000000e+00,54542,43778,8.02600021e+01,,1,,8.29499969e+01,"9997",0,0.00000000e+00
"02","032","032",43,43,1.00000000e+02,11477,9.88499985e+01,11053,9.51999969e+01,424,3.65000010e+00,127,1.09000003e+00,6,5.99999987e-02,13991,11610,8.29800034e+01,,1,,8.29800034e+01,"9997",0,0.00000000e+00
"02","033","033",68,67,9.85299988e+01,18369,9.89000015e+01,17798,9.58300018e+01,571,3.06999993e+00,192,1.02999997e+00,11,7.00000003e-02,22645,18572,8.20100021e+01,,1,,8.33099976e+01,"9997",0,0.00000000e+00
"02","034","034",145,141,9.72399979e+01,38646,9.90800018e+01,36833,9.44300003e+01,1813,4.65000010e+00,334,8.60000014e-01,26,5.99999987e-02,50295,39006,7.75500031e+01,,1,,7.97799988e+01,"9997",2620,7.11000013e+00
"02","035","035",446,426,9.55199966e+01,119658,9.91900024e+01,112186,9.30000000e+01,7472,6.19000006e+00,890,7.40000010e-01,78,7.00000003e-02,155913,120626,7.73700027e+01,,1,,8.10299988e+01,"9997",8538,7.61000013e+00
"02","036","036",586,552,9.41999969e+01,152297,9.87099991e+01,144136,9.34199982e+01,8161,5.28999996e+00,1849,1.20000005e+00,134,9.00000036e-02,204604,154280,7.54000015e+01,,1,,8.00899963e+01,"9997",3330,2.30999994e+00
"02","037","037",68,67,9.85299988e+01,18024,9.84499969e+01,16883,9.22200012e+01,1141,6.23000002e+00,267,1.46000004e+00,17,9.00000036e-02,22709,18308,8.06200027e+01,,1,,8.19000015e+01,"9997",847,5.01999998e+00
"02","038","038",796,750,9.42200012e+01,208995,9.82500000e+01,192367,9.04300003e+01,16628,7.82000017e+00,2105,9.90000010e-01,1631,7.59999990e-01,279407,212731,7.61399994e+01,,1,,8.08300018e+01,"9997",12141,6.30999994e+00
"02","039","039",96,92,9.58300018e+01,24648,9.90500031e+01,23014,9.24800034e+01,1634,6.57000017e+00,219,8.79999995e-01,18,7.00000003e-02,32825,24885,7.58099976e+01,,1,,7.93899994e+01,"9997",0,0.00000000e+00
"02","040","040",26,24,9.23099976e+01,6110,9.98399963e+01,5487,8.96600037e+01,623,1.01800003e+01,10,1.59999996e-01,0,0.00000000e+00,8071,6120,7.58300018e+01,,1,,8.30999985e+01,"9997",0,0.00000000e+00
"02","041","041",43,41,9.53499985e+01,10708,9.96800003e+01,10351,9.63600006e+01,357,3.31999993e+00,28,2.59999990e-01,6,5.99999987e-02,13753,10742,7.81100006e+01,,1,,8.22900009e+01,"9997",0,0.00000000e+00
"02","042","042",46,43,9.34800034e+01,11486,9.95199966e+01,10792,9.35100021e+01,694,6.01000023e+00,54,4.69999999e-01,1,9.99999978e-03,14833,11541,7.78099976e+01,,1,,8.37300034e+01,"9997",0,0.00000000e+00
"02","043","043",9,9,1.00000000e+02,2144,9.94499969e+01,2066,9.58300018e+01,78,3.61999989e+00,11,5.09999990e-01,1,3.99999991e-02,2432,2156,8.86500015e+01,,1,,8.86500015e+01,"9997",0,0.00000000e+00
"02","044","044",31,31,1.00000000e+02,7741,9.85599976e+01,7382,9.39899979e+01,359,4.57000017e+00,108,1.38000000e+00,5,5.99999987e-02,9199,7854,8.53799973e+01,,1,,8.53799973e+01,"9997",0,0.00000000e+00
"02","045","045",36,32,8.88899994e+01,8983,9.95699997e+01,8635,9.57099991e+01,348,3.85999990e+00,35,3.89999986e-01,4,3.99999991e-02,11829,9022,7.62699966e+01,,1,,8.40599976e+01,"9997",0,0.00000000e+00
"02","046","046",11,11,1.00000000e+02,2778,9.93199997e+01,2650,9.47399979e+01,128,4.57999992e+00,18,6.39999986e-01,1,3.99999991e-02,3307,2797,8.45800018e+01,,1,,8.45800018e+01,"9997",0,0.00000000e+00
"02","047","047",50,49,9.80000000e+01,12860,9.91800003e+01,12234,9.43499985e+01,626,4.82999992e+00,103,7.90000021e-01,4,2.99999993e-02,16390,12967,7.91200027e+01,,1,,7.95899963e+01,"9997",0,0.00000000e+00
"02","048","048",33,28,8.48499985e+01,6958,9.97500000e+01,6653,9.53799973e+01,305,4.36999989e+00,14,2.00000003e-01,3,5.00000007e-02,9713,6975,7.18099976e+01,,1,,8.49000015e+01,"9997",0,0.00000000e+00
"02","049","049",29,29,1.00000000e+02,7789,9.93499985e+01,7331,9.35100021e+01,458,5.84000015e+00,51,6.49999976e-01,0,0.00000000e+00,9259,7840,8.46699982e+01,,1,,8.46699982e+01,"9997",0,0.00000000e+00
"02","050","050",1538,1485,9.65500031e+01,374595,9.80299988e+01,359634,9.41100006e+01,14961,3.92000008e+00,7217,1.88999999e+00,323,7.99999982e-02,538915,382135,7.09100037e+01,,1,,7.34599991e+01,"9997",38134,1.06000004e+01
"02","051","051",174,169,9.71299973e+01,47326,9.90999985e+01,44207,9.25699997e+01,3119,6.53000021e+00,423,8.89999986e-01,5,9.99999978e-03,61174,47754,7.80599976e+01,,1,,8.03899994e+01,"0513",1089,2.46000004e+00
"02","052","052",942,907,9.62799988e+01,243173,9.90000000e+01,230852,9.39800034e+01,12321,5.01999998e+00,2300,9.39999998e-01,161,5.99999987e-02,330137,245634,7.44000015e+01,,1,,7.73099976e+01,"9997",0,0.00000000e+00
"02","053","053",601,586,9.75000000e+01,161918,9.88700027e+01,154586,9.43899994e+01,7332,4.48000002e+00,1689,1.02999997e+00,163,1.00000001e-01,210774,163770,7.76999969e+01,,1,,7.96999969e+01,"9997",11611,7.51000023e+00
"02","054","054",48,46,9.58300018e+01,11774,9.88600006e+01,11200,9.40400009e+01,574,4.82000017e+00,110,9.20000017e-01,26,2.19999999e-01,15322,11910,7.77300034e+01,,1,,8.14700012e+01,"0511",283,2.52999997e+00
"02","055","055",74,73,9.86500015e+01,18649,9.91800003e+01,18048,9.59800034e+01,601,3.20000005e+00,149,7.90000021e-01,6,2.99999993e-02,23576,18804,7.97600021e+01,,1,,8.09899979e+01,"9997",0,0.00000000e+00
"02","056","056",32,30,9.37500000e+01,7723,9.90599976e+01,7390,9.47900009e+01,333,4.26999998e+00,63,8.10000002e-01,10,1.29999995e-01,10292,7796,7.57500000e+01,,1,,8.13099976e+01,"9997",0,0.00000000e+00
"02","057","057",30,29,9.66699982e+01,7983,9.99800034e+01,7652,9.58300018e+01,331,4.15000010e+00,2,2.99999993e-02,0,9.99999978e-03,9583,7985,8.33199997e+01,,1,,8.45000000e+01,"9997",0,0.00000000e+00
"02","058","058",24,23,9.58300018e+01,5790,9.89000015e+01,5256,8.97799988e+01,534,9.11999989e+00,60,1.01999998e+00,4,7.99999982e-02,7741,5854,7.56200027e+01,,1,,7.92500000e+01,"9997",0,0.00000000e+00
"02","059","059",54,54,1.00000000e+02,13424,9.85100021e+01,12517,9.18499985e+01,907,6.65999985e+00,194,1.41999996e+00,10,7.00000003e-02,16790,13628,8.11699982e+01,,1,,8.11699982e+01,"9997",0,0.00000000e+00
"02","060","060",224,219,9.77699966e+01,57349,9.86800003e+01,55223,9.50199966e+01,2126,3.66000009e+00,723,1.24000001e+00,44,7.99999982e-02,76003,58116,7.64700012e+01,,1,,7.82799988e+01,"9997",2725,4.92999983e+00
"02","061","061",2713,2558,9.42900009e+01,710913,9.94000015e+01,671764,9.39300003e+01,39149,5.46999979e+00,4012,5.60000002e-01,225,3.99999991e-02,953075,715150,7.50400009e+01,,1,,7.95599976e+01,"9997",0,0.00000000e+00
"02","062","062",1098,1044,9.50800018e+01,283930,9.92799988e+01,270724,9.46600037e+01,13206,4.61999989e+00,1953,6.80000007e-01,125,3.99999991e-02,384403,286008,7.44000015e+01,,1,,7.82699966e+01,"9997",14085,5.19999981e+00
"02","063","063",1524,1486,9.75100021e+01,398273,9.87699966e+01,384553,9.53700027e+01,13720,3.40000010e+00,4679,1.15999997e+00,286,7.00000003e-02,525404,403238,7.67500000e+01,,1,,7.87600021e+01,"9997",63198,1.64300003e+01
"02","064","064",28,28,1.00000000e+02,7248,9.95000000e+01,6986,9.59000015e+01,262,3.59999990e+00,34,4.69999999e-01,3,2.99999993e-02,8768,7285,8.30899963e+01,,1,,8.30899963e+01,"9997",0,0.00000000e+00
"02","065","065",64,61,9.53099976e+01,15702,9.91399994e+01,15303,9.66200027e+01,399,2.51999998e+00,129,8.10000002e-01,8,5.00000007e-02,20224,15839,7.83199997e+01,,1,,8.23600006e+01,"0507",307,2.00999999e+00
"02","066","066",44,41,9.31800003e+01,10499,9.92500000e+01,9896,9.35500031e+01,603,5.69999981e+00,79,7.50000000e-01,0,0.00000000e+00,14197,10578,7.45100021e+01,,1,,8.04800034e+01,"9997",0,0.00000000e+00
"02","067","067",109,107,9.81699982e+01,28615,9.93199997e+01,27609,9.58300018e+01,1006,3.49000001e+00,185,6.39999986e-01,9,3.99999991e-02,35234,28809,8.17600021e+01,,1,,8.34400024e+01,"0507",582,2.10999990e+00
"02","068","068",46,46,1.00000000e+02,11524,9.90500031e+01,10997,9.45199966e+01,527,4.53000021e+00,104,8.89999986e-01,6,5.99999987e-02,14140,11634,8.22799988e+01,,1,,8.22799988e+01,"9997",0,0.00000000e+00
"02","069","069",87,82,9.42500000e+01,22100,9.93000031e+01,20713,9.30699997e+01,1387,6.23000002e+00,154,6.89999998e-01,1,9.99999978e-03,28681,22255,7.75899963e+01,,1,,8.26500015e+01,"9997",0,0.00000000e+00
"02","070","070",1358,1304,9.60199966e+01,359058,9.91100006e+01,339299,9.36600037e+01,19759,5.44999981e+00,3036,8.39999974e-01,166,5.00000007e-02,477176,362260,7.59199982e+01,,1,,7.90699997e+01,"0504",1596,4.69999999e-01
"02","071","071",234,224,9.57300034e+01,61048,9.87099991e+01,58346,9.43399963e+01,2702,4.36999989e+00,764,1.24000001e+00,33,5.00000007e-02,80732,61845,7.66100006e+01,,1,,7.98600006e+01,"9997",5231,8.97000027e+00
"02","072","072",45,43,9.55599976e+01,10484,9.97699966e+01,9623,9.15800018e+01,861,8.18999958e+00,21,2.00000003e-01,3,2.99999993e-02,13949,10508,7.53300018e+01,,1,,7.93199997e+01,"9997",0,0.00000000e+00
"02","073","073",30,30,1.00000000e+02,7792,9.91800003e+01,7361,9.36900024e+01,431,5.48999977e+00,59,7.50000000e-01,6,7.00000003e-02,9308,7857,8.44100037e+01,,1,,8.44100037e+01,"9997",0,0.00000000e+00
"02","074","074",60,58,9.66699982e+01,14948,9.91399994e+01,13482,8.94199982e+01,1466,9.72000027e+00,121,8.00000012e-01,8,5.99999987e-02,19664,15077,7.66699982e+01,,1,,7.95199966e+01,"9997",0,0.00000000e+00
"02","075","075",110,106,9.63600006e+01,29712,9.92699966e+01,28116,9.39400024e+01,1596,5.32999992e+00,199,6.60000026e-01,18,7.00000003e-02,37983,29929,7.88000031e+01,,1,,8.18199997e+01,"0505",1266,4.50000000e+00
"02","076","076",151,148,9.80100021e+01,40560,9.88000031e+01,39345,9.58399963e+01,1215,2.96000004e+00,464,1.13000000e+00,28,7.00000003e-02,50954,41052,8.05699997e+01,,1,,8.20999985e+01,"9997",1695,4.30999994e+00
"02","077","077",1048,1016,9.69499969e+01,293848,9.95299988e+01,274757,9.30599976e+01,19091,6.46999979e+00,1341,4.49999988e-01,60,1.99999996e-02,374044,295249,7.89300003e+01,,1,,8.14199982e+01,"0507",10336,3.75999999e+00
"02","078","078",53,52,9.81100006e+01,13621,9.95000000e+01,13110,9.57699966e+01,511,3.73000002e+00,64,4.69999999e-01,4,2.99999993e-02,16975,13689,8.06399994e+01,,1,,8.23499985e+01,"9997",0,0.00000000e+00
"02","079","079",877,821,9.36100006e+01,233955,9.90500031e+01,218784,9.26299973e+01,15171,6.42000008e+00,2081,8.79999995e-01,148,7.00000003e-02,308679,236184,7.65100021e+01,,1,,8.17500000e+01,"9997",9050,4.13999987e+00
"02","080","080",762,744,9.76399994e+01,202838,9.91200027e+01,194575,9.50800018e+01,8263,4.03999996e+00,1716,8.39999974e-01,91,3.99999991e-02,267380,204645,7.65400009e+01,,1,,7.83899994e+01,"9997",0,0.00000000e+00
"02","081","081",44,40,9.09100037e+01,10546,9.85899963e+01,10071,9.41500015e+01,475,4.44000006e+00,124,1.15999997e+00,27,2.50000000e-01,13542,10697,7.89899979e+01,,1,,8.60000000e+01,"0504",141,1.39999998e+00
"02","082","082",231,225,9.74000015e+01,59165,9.87200012e+01,56956,9.50299988e+01,2209,3.69000006e+00,712,1.19000006e+00,60,9.00000036e-02,79624,59937,7.52799988e+01,,1,,7.73199997e+01,"9997",3051,5.36000013e+00
"02","083","083",121,118,9.75199966e+01,31201,9.90299988e+01,30439,9.66100006e+01,762,2.42000008e+00,291,9.20000017e-01,16,5.00000007e-02,39664,31508,7.94400024e+01,,1,,8.16100006e+01,"0513",566,1.86000001e+00
"02","084","084",264,253,9.58300018e+01,67364,9.86699982e+01,63787,9.34300003e+01,3577,5.23999977e+00,820,1.20000005e+00,90,1.29999995e-01,89928,68274,7.59199982e+01,,1,,7.94100037e+01,"9997",0,0.00000000e+00
"02","085","085",98,96,9.79599991e+01,25711,9.84800034e+01,24440,9.36100006e+01,1271,4.86999989e+00,394,1.50999999e+00,2,9.99999978e-03,33085,26107,7.89100037e+01,,1,,8.01100006e+01,"9997",0,0.00000000e+00
"02","086","086",15,15,1.00000000e+02,4184,9.92600021e+01,3912,9.28099976e+01,272,6.44999981e+00,25,5.89999974e-01,6,1.50000006e-01,5101,4215,8.26299973e+01,,1,,8.26299973e+01,"9997",0,0.00000000e+00
"02","087","087",253,248,9.80199966e+01,66050,9.85599976e+01,64062,9.55899963e+01,1988,2.97000003e+00,945,1.40999997e+00,23,2.99999993e-02,85851,67018,7.80599976e+01,,1,,7.96900024e+01,"9997",2365,3.69000006e+00
"02","088","088",11,11,1.00000000e+02,2459,9.97600021e+01,2356,9.55800018e+01,103,4.17999983e+00,6,2.39999995e-01,0,0.00000000e+00,2910,2465,8.47099991e+01,,1,,8.47099991e+01,"9997",0,0.00000000e+00
"02","089","089",551,532,9.65500031e+01,150168,9.89000015e+01,140908,9.28000031e+01,9260,6.09999990e+00,1521,1.00000000e+00,152,1.00000001e-01,192874,151841,7.87300034e+01,,1,,8.15599976e+01,"9997",18145,1.28800001e+01
"02","090","090",65,62,9.53799973e+01,15487,9.74700012e+01,14964,9.41800003e+01,523,3.28999996e+00,324,2.03999996e+00,77,4.90000010e-01,22703,15888,6.99800034e+01,,1,,7.33799973e+01,"9997",1605,1.07299995e+01
"02","091","091",46,46,1.00000000e+02,11104,9.91100006e+01,10607,9.46699982e+01,497,4.44000006e+00,99,8.79999995e-01,1,9.99999978e-03,14541,11204,7.70500031e+01,,1,,7.70500031e+01,"9997",0,0.00000000e+00
"02","092","092",1266,1196,9.44700012e+01,327583,9.91600037e+01,310452,9.39700012e+01,17131,5.19000006e+00,2575,7.79999971e-01,208,5.99999987e-02,442244,330366,7.46999969e+01,,1,,7.90199966e+01,"9997",54522,1.75599995e+01
"02","093","093",79,76,9.61999969e+01,20726,9.95599976e+01,19543,9.38799973e+01,1183,5.67999983e+00,66,3.19999993e-01,26,1.19999997e-01,25924,20818,8.03000031e+01,,1,,8.37099991e+01,"9997",0,0.00000000e+00
"02","094","094",44,44,1.00000000e+02,11094,9.95999985e+01,10284,9.23300018e+01,810,7.26999998e+00,40,3.60000014e-01,4,3.99999991e-02,13077,11138,8.51699982e+01,,1,,8.51699982e+01,"9997",0,0.00000000e+00
"02","095","095",43,42,9.76699982e+01,10740,9.97699966e+01,10148,9.42699966e+01,592,5.50000000e+00,24,2.19999999e-01,1,9.99999978e-03,13448,10765,8.00500031e+01,,1,,8.21999969e+01,"9997",0,0.00000000e+00
"02","096","096",62,60,9.67699966e+01,15795,9.90500031e+01,15076,9.45400009e+01,719,4.51000023e+00,147,9.20000017e-01,4,2.99999993e-02,19771,15946,8.06500015e+01,,1,,8.36399994e+01,"9997",0,0.00000000e+00
"02","097","097",31,29,9.35500031e+01,7414,9.88199997e+01,6215,8.28399963e+01,1199,1.59799995e+01,86,1.14999998e+00,2,2.99999993e-02,9654,7502,7.77099991e+01,,1,,8.18000031e+01,"9997",0,0.00000000e+00
"02","098","098",54,54,1.00000000e+02,13418,9.81100006e+01,12692,9.28000031e+01,726,5.30999994e+00,248,1.80999994e+00,10,7.99999982e-02,17710,13676,7.72200012e+01,,1,,7.72200012e+01,"9997",0,0.00000000e+00
"02","099","099",80,77,9.62500000e+01,20047,9.85500031e+01,18771,9.22799988e+01,1276,6.26999998e+00,275,1.35000002e+00,20,1.00000001e-01,26331,20342,7.72500000e+01,,1,,8.04899979e+01,"9997",0,0.00000000e+00
"02","100","100",23,22,9.56500015e+01,5834,9.99700012e+01,5621,9.63199997e+01,213,3.65000010e+00,2,2.99999993e-02,0,0.00000000e+00,7642,5836,7.63700027e+01,,1,,8.00299988e+01,"9997",0,0.00000000e+00
"02","101","101",79,78,9.87300034e+01,20715,9.90299988e+01,20057,9.58799973e+01,658,3.15000010e+00,202,9.70000029e-01,1,0.00000000e+00,26248,20918,7.96900024e+01,,1,,8.07799988e+01,"9997",1474,7.34999990e+00
"02","102","102",56,54,9.64300003e+01,14304,9.95899963e+01,13274,9.24199982e+01,1030,7.17000008e+00,50,3.49999994e-01,8,5.99999987e-02,17743,14362,8.09400024e+01,,1,,8.32300034e+01,"0504",107,8.10000002e-01
"02","103","103",57,56,9.82500000e+01,15496,9.91999969e+01,14780,9.46200027e+01,716,4.57999992e+00,115,7.40000010e-01,10,5.99999987e-02,18598,15621,8.39899979e+01,,1,,8.56100006e+01,"9997",0,0.00000000e+00
"02","104","104",25,25,1.00000000e+02,5661,9.88899994e+01,5486,9.58300018e+01,175,3.05999994e+00,62,1.08000004e+00,2,2.99999993e-02,7061,5725,8.10800018e+01,,1,,8.10800018e+01,"9997",0,0.00000000e+00
"02","105","105",373,359,9.62500000e+01,95941,9.92200012e+01,91676,9.48099976e+01,4265,4.40999985e+00,712,7.40000010e-01,39,3.99999991e-02,127437,96692,7.58700027e+01,,1,,7.89199982e+01,"9997",4048,4.42000008e+00
"02","106","106",783,762,9.73199997e+01,203753,9.88099976e+01,197726,9.58899994e+01,6027,2.92000008e+00,2294,1.11000001e+00,147,7.99999982e-02,273888,206194,7.52799988e+01,,1,,7.73600006e+01,"9997",40689,2.05799999e+01
"02","107","107",342,314,9.18099976e+01,86713,9.89100037e+01,81579,9.30500031e+01,5134,5.86000013e+00,946,1.08000004e+00,10,9.99999978e-03,117828,87669,7.44000015e+01,,1,,8.08300018e+01,"9997",9571,1.17299995e+01
"02","108","108",137,133,9.70800018e+01,35218,9.84100037e+01,33702,9.41699982e+01,1516,4.23999977e+00,551,1.53999996e+00,18,5.00000007e-02,45858,35787,7.80400009e+01,,1,,8.03600006e+01,"9997",3770,1.11899996e+01
"02","109","109",130,124,9.53799973e+01,34321,9.86399994e+01,31694,9.10899963e+01,2627,7.55000019e+00,463,1.33000004e+00,11,2.99999993e-02,44833,34795,7.76100006e+01,,1,,8.14499969e+01,"9997",2305,7.26999998e+00
"02","110","110",27,26,9.63000031e+01,7147,9.88899994e+01,6892,9.53600006e+01,255,3.52999997e+00,72,1.00000000e+00,8,1.09999999e-01,8828,7227,8.18600006e+01,,1,,8.52699966e+01,"9997",0,0.00000000e+00
"02","111","111",288,284,9.86100006e+01,77769,9.86299973e+01,74115,9.40000000e+01,3654,4.63000011e+00,1046,1.33000004e+00,29,3.99999991e-02,100051,78844,7.88000031e+01,,1,,7.99300003e+01,"9997",0,0.00000000e+00
"02","112","112",26,26,1.00000000e+02,6665,9.94800034e+01,6426,9.59100037e+01,239,3.56999993e+00,32,4.79999989e-01,3,3.99999991e-02,7943,6700,8.43499985e+01,,1,,8.43499985e+01,"9997",0,0.00000000e+00
"02","113","113",769,749,9.74000015e+01,210475,9.91999969e+01,199722,9.41299973e+01,10753,5.07000017e+00,1565,7.40000010e-01,134,5.99999987e-02,269127,212174,7.88399963e+01,,1,,8.09499969e+01,"0507",6189,3.09999990e+00
"02","114","114",37,36,9.73000031e+01,8651,9.90000000e+01,8316,9.51699982e+01,335,3.82999992e+00,86,9.80000019e-01,1,1.99999996e-02,11303,8738,7.73099976e+01,,1,,7.98000031e+01,"9997",0,0.00000000e+00
"02","115","115",110,104,9.45500031e+01,25984,9.85999985e+01,24624,9.34400024e+01,1360,5.15999985e+00,308,1.16999996e+00,61,2.30000004e-01,35980,26353,7.32399979e+01,,1,,7.78000031e+01,"9997",2592,1.05299997e+01
"02","116","116",5,5,1.00000000e+02,1476,9.89300003e+01,1357,9.09499969e+01,119,7.98000002e+00,14,9.39999998e-01,2,1.29999995e-01,1708,1492,8.73499985e+01,,1,,8.73499985e+01,"9997",0,0.00000000e+00
"02","117","117",151,149,9.86800003e+01,37179,9.74700012e+01,35758,9.37399979e+01,1421,3.73000002e+00,948,2.49000001e+00,17,3.99999991e-02,49788,38144,7.66100006e+01,,1,,7.77099991e+01,"9997",1835,5.13000011e+00
"02","118","118",806,786,9.75199966e+01,212237,9.90500031e+01,202288,9.44100037e+01,9949,4.63999987e+00,1921,8.99999976e-01,104,5.00000007e-02,282668,214262,7.58000031e+01,,1,,7.76800003e+01,"9997",0,0.00000000e+00
"02","119","119",170,164,9.64700012e+01,42217,9.89400024e+01,40721,9.54300003e+01,1496,3.50999999e+00,423,9.90000010e-01,32,7.00000003e-02,58942,42672,7.24000015e+01,,1,,7.50999985e+01,"9997",0,0.00000000e+00
"02","120","120",21,20,9.52399979e+01,5178,9.97699966e+01,4994,9.62200012e+01,184,3.54999995e+00,4,7.99999982e-02,8,1.50000006e-01,7013,5190,7.40100021e+01,,1,,7.79199982e+01,"9997",0,0.00000000e+00
"02","121","121",92,90,9.78300018e+01,23312,9.88899994e+01,21927,9.30100021e+01,1385,5.88000011e+00,246,1.03999996e+00,16,7.00000003e-02,29631,23574,7.95599976e+01,,1,,8.14899979e+01,"0507",696,3.17000008e+00
"02","122","122",691,677,9.79700012e+01,179453,9.90000000e+01,173630,9.57900009e+01,5823,3.21000004e+00,1704,9.39999998e-01,108,5.99999987e-02,241723,181265,7.49899979e+01,,1,,7.64700012e+01,"9997",13829,7.96000004e+00
"02","123","123",77,77,1.00000000e+02,20065,9.85699997e+01,19504,9.58099976e+01,561,2.75999999e+00,286,1.39999998e+00,5,2.99999993e-02,27148,20356,7.49800034e+01,,1,,7.49800034e+01,"9997",0,0.00000000e+00
"02","124","124",69,68,9.85500031e+01,17948,9.85500031e+01,17272,9.48399963e+01,676,3.71000004e+00,237,1.29999995e+00,26,1.50000006e-01,23418,18211,7.77600021e+01,,1,,7.89599991e+01,"9997",0,0.00000000e+00
"02","125","125",255,242,9.49000015e+01,66583,9.89700012e+01,62746,9.32699966e+01,3837,5.69999981e+00,680,1.00999999e+00,9,1.99999996e-02,87270,67272,7.70800018e+01,,1,,8.13300018e+01,"9997",6386,1.01800003e+01
"02","126","126",19,19,1.00000000e+02,5220,9.94800034e+01,4841,9.22600021e+01,379,7.21999979e+00,18,3.40000004e-01,9,1.80000007e-01,6251,5247,8.39400024e+01,,1,,8.39400024e+01,"9997",0,0.00000000e+00
"02","127","127",23,22,9.56500015e+01,6266,9.94000015e+01,6104,9.68300018e+01,162,2.56999993e+00,36,5.69999993e-01,2,2.99999993e-02,7616,6304,8.27699966e+01,,1,,8.67699966e+01,"9997",0,0.00000000e+00
"02","128","128",153,143,9.34599991e+01,41122,9.89199982e+01,38449,9.24899979e+01,2673,6.42999983e+00,431,1.03999996e+00,17,3.99999991e-02,53364,41570,7.79000015e+01,,1,,8.34300003e+01,"9997",957,2.49000001e+00
"02","129","129",550,532,9.67300034e+01,149518,9.85599976e+01,136924,9.02600021e+01,12594,8.30000019e+00,1864,1.23000002e+00,324,2.09999993e-01,193398,151706,7.84400024e+01,,1,,8.10999985e+01,"0504",860,6.20000005e-01
"02","130","130",673,646,9.59899979e+01,185863,9.95299988e+01,174282,9.33300018e+01,11581,6.19999981e+00,816,4.39999998e-01,55,2.99999993e-02,234803,186734,7.95299988e+01,,1,,8.28799973e+01,"9997",0,0.00000000e+00
"02","131","131",27,26,9.63000031e+01,6786,9.93199997e+01,6461,9.45599976e+01,325,4.76000023e+00,45,6.60000026e-01,2,1.99999996e-02,8525,6833,8.01500015e+01,,1,,8.13099976e+01,"9997",0,0.00000000e+00
"02","132","132",306,297,9.70599976e+01,85081,9.87799988e+01,79500,9.23000031e+01,5581,6.48000002e+00,952,1.11000001e+00,96,1.09999999e-01,107246,86129,8.03099976e+01,,1,,8.27699966e+01,"9997",1790,2.25000000e+00
"02","133","133",385,376,9.76600037e+01,106993,9.93499985e+01,102499,9.51800003e+01,4494,4.17000008e+00,640,5.89999974e-01,55,5.99999987e-02,135489,107688,7.94800034e+01,,1,,8.13799973e+01,"0507",4640,4.53000021e+00
"02","134","134",411,400,9.73199997e+01,111215,9.90400009e+01,105389,9.38499985e+01,5826,5.19000006e+00,1032,9.20000017e-01,48,3.99999991e-02,143849,112295,7.80599976e+01,,1,,8.02300034e+01,"9997",0,0.00000000e+00
"02","135","135",14,13,9.28600006e+01,3479,9.93700027e+01,3343,9.54899979e+01,136,3.88000011e+00,22,6.29999995e-01,0,0.00000000e+00,4419,3501,7.92300034e+01,,1,,8.61299973e+01,"9997",0,0.00000000e+00
