Identificador,Codigo,NumOrden,X,Y
1,1,1,117,135
2,1,2,121,135
3,1,3,122,136
4,1,4,123,136
5,1,5,124,137
6,1,6,125,138
7,1,7,125,139
8,1,8,126,140
9,1,9,126,144
10,1,10,125,145
11,1,11,125,146
12,1,12,124,147
13,1,13,123,148
14,1,14,122,148
15,1,15,121,149
16,1,16,117,149
17,1,17,116,148
18,1,18,115,148
19,1,19,114,147
20,1,20,113,146
21,1,21,113,145
22,1,22,112,144
23,1,23,112,140
24,1,24,113,139
25,1,25,113,138
26,1,26,114,137
27,1,27,115,136
28,2,1,97,126
29,2,2,97,125
30,2,3,98,124
31,2,4,99,123
32,2,5,100,124
33,2,6,101,123
34,2,7,104,123
35,2,8,104,122
36,2,9,105,121
37,2,10,106,121
38,2,11,107,120
39,2,12,108,121
40,2,13,109,122
41,2,14,110,122
42,2,15,111,123
43,2,16,112,123
44,2,17,113,124
45,2,18,114,124
46,2,19,115,125
47,2,20,116,125
48,2,21,117,126
49,2,22,118,126
50,2,23,119,127
51,2,24,120,128
52,2,25,119,129
53,2,26,117,129
54,2,27,116,130
55,2,28,114,130
56,2,29,113,131
57,2,30,112,131
58,2,31,111,132
59,2,32,110,133
60,2,33,109,134
61,2,34,108,135
62,2,35,108,136
63,2,36,107,137
64,2,37,107,139
65,2,38,106,140
66,2,39,106,144
67,2,40,107,145
68,2,41,107,147
69,2,42,108,148
70,2,43,108,149
71,2,44,109,150
72,2,45,110,151
73,2,46,111,152
74,2,47,112,153
75,2,48,113,153
76,2,49,114,154
77,2,50,116,154
78,2,51,117,155
79,2,52,121,155
80,2,53,122,154
81,2,54,124,154
82,2,55,125,153
83,2,56,126,153
84,2,57,127,152
85,2,58,128,151
86,2,59,129,150
87,2,60,130,149
88,2,61,130,148
89,2,62,131,147
90,2,63,131,145
91,2,64,132,144
92,2,65,132,142
93,2,66,133,141
94,2,67,134,142
95,2,68,134,143
96,2,69,135,144
97,2,70,135,145
98,2,71,134,146
99,2,72,133,147
100,2,73,133,148
101,2,74,132,149
102,2,75,132,150
103,2,76,133,151
104,2,77,134,152
105,2,78,135,153
106,2,79,136,154
107,2,80,138,154
108,2,81,139,155
109,2,82,139,159
110,2,83,138,160
111,2,84,137,161
112,2,85,137,163
113,2,86,136,164
114,2,87,135,165
115,2,88,134,166
116,2,89,133,167
117,2,90,132,168
118,2,91,131,168
119,2,92,130,169
120,2,93,129,170
121,2,94,130,171
122,2,95,130,172
123,2,96,129,173
124,2,97,128,173
125,2,98,127,174
126,2,99,125,174
127,2,100,124,175
128,2,101,123,175
129,2,102,122,176
130,2,103,120,176
131,2,104,119,177
132,2,105,117,177
133,2,106,116,178
134,2,107,113,178
135,2,108,112,179
136,2,109,108,179
137,2,110,107,180
138,2,111,102,180
139,2,112,101,181
140,2,113,89,181
141,2,114,88,180
142,2,115,88,179
143,2,116,87,179
144,2,117,86,179
145,2,118,86,180
146,2,119,86,185
147,2,120,87,186
148,2,121,88,187
149,2,122,88,188
150,2,123,87,189
151,2,124,86,188
152,2,125,85,189
153,2,126,86,190
154,2,127,86,193
155,2,128,85,194
156,2,129,85,197
157,2,130,86,198
158,2,131,87,199
159,2,132,86,200
160,2,133,85,201
161,2,134,84,202
162,2,135,83,202
163,2,136,82,203
164,2,137,81,202
165,2,138,80,201
166,2,139,79,200
167,2,140,78,199
168,2,141,77,198
169,2,142,76,197
170,2,143,76,132
171,2,144,77,131
172,2,145,93,131
173,2,146,94,130
174,2,147,95,129
175,2,148,95,128
176,2,149,96,127
177,3,1,38,42
178,3,2,39,43
179,3,3,40,44
180,3,4,40,45
181,3,5,41,46
182,3,6,42,47
183,3,7,43,47
184,3,8,44,48
185,3,9,45,49
186,3,10,46,49
187,3,11,47,50
188,3,12,48,51
189,3,13,49,52
190,3,14,49,53
191,3,15,48,54
192,3,16,47,55
193,3,17,47,56
194,3,18,48,57
195,3,19,48,59
196,3,20,49,60
197,3,21,49,61
198,3,22,50,62
199,3,23,51,63
200,3,24,51,64
201,3,25,52,65
202,3,26,53,64
203,3,27,55,64
204,3,28,56,65
205,3,29,57,66
206,3,30,57,69
207,3,31,58,70
208,3,32,57,71
209,3,33,57,73
210,3,34,58,74
211,3,35,59,74
212,3,36,60,75
213,3,37,60,77
214,3,38,61,78
215,3,39,62,79
216,3,40,61,80
217,3,41,60,81
218,3,42,59,81
219,3,43,58,82
220,3,44,59,83
221,3,45,59,85
222,3,46,58,86
223,3,47,57,87
224,3,48,56,86
225,3,49,55,85
226,3,50,54,84
227,3,51,54,82
228,3,52,53,81
229,3,53,52,80
230,3,54,51,79
231,3,55,51,78
232,3,56,50,78
233,3,57,49,77
234,3,58,49,76
235,3,59,48,75
236,3,60,47,75
237,3,61,46,74
238,3,62,44,74
239,3,63,43,75
240,3,64,42,74
241,3,65,42,70
242,3,66,41,69
243,3,67,40,68
244,3,68,39,67
245,3,69,38,68
246,3,70,37,69
247,3,71,36,70
248,3,72,35,70
249,3,73,34,69
250,3,74,33,68
251,3,75,32,68
252,3,76,31,69
253,3,77,30,69
254,3,78,29,68
255,3,79,27,68
256,3,80,26,67
257,3,81,24,67
258,3,82,23,66
259,3,83,23,65
260,3,84,22,64
261,3,85,21,63
262,3,86,20,63
263,3,87,19,64
264,3,88,18,63
265,3,89,17,62
266,3,90,17,60
267,3,91,18,59
268,3,92,18,58
269,3,93,19,57
270,3,94,20,56
271,3,95,23,56
272,3,96,24,55
273,3,97,23,54
274,3,98,23,53
275,3,99,22,52
276,3,100,21,51
277,3,101,21,48
278,3,102,22,47
279,3,103,23,46
280,3,104,23,43
281,3,105,22,42
282,3,106,21,41
283,3,107,20,40
284,3,108,20,37
285,3,109,21,36
286,3,110,23,36
287,3,111,24,37
288,3,112,26,37
289,3,113,27,38
290,3,114,33,38
291,3,115,34,37
292,3,116,40,37
293,3,117,41,36
294,3,118,42,37
295,3,119,42,39
296,3,120,41,40
297,3,121,40,40
298,3,122,39,41
299,4,75,52,99
300,4,76,51,98
301,4,77,51,96
302,4,78,52,95
303,4,79,52,94
304,4,80,53,93
305,4,81,53,92
306,4,82,54,91
307,4,83,54,90
308,4,84,55,89
309,4,85,55,88
310,4,86,56,87
311,4,87,57,87
312,4,88,58,86
313,4,89,59,85
314,4,90,59,83
315,4,91,58,82
316,4,92,59,81
317,4,93,61,81
318,4,94,61,80
319,4,95,62,79
320,4,96,63,80
321,4,97,66,80
322,4,98,67,79
323,4,99,68,80
324,4,100,69,81
325,4,101,70,82
326,4,102,71,81
327,4,1,74,80
328,4,2,75,81
329,4,3,76,82
330,4,4,77,83
331,4,5,79,83
332,4,6,80,82
333,4,7,81,83
334,4,8,82,84
335,4,9,83,85
336,4,10,84,86
337,4,11,84,87
338,4,12,85,88
339,4,13,86,88
340,4,14,87,89
341,4,15,88,88
342,4,16,89,89
343,4,17,89,90
344,4,18,90,91
345,4,19,91,92
346,4,20,92,93
347,4,21,91,94
348,4,22,91,95
349,4,23,90,96
350,4,24,90,100
351,4,25,89,101
352,4,26,89,102
353,4,27,88,103
354,4,28,87,104
355,4,29,87,107
356,4,30,88,108
357,4,31,89,109
358,4,32,89,110
359,4,33,90,111
360,4,34,90,112
361,4,35,91,113
362,4,36,92,114
363,4,37,92,116
364,4,38,91,117
365,4,39,91,118
366,4,40,90,119
367,4,41,89,120
368,4,42,88,121
369,4,43,87,122
370,4,44,87,123
371,4,45,86,124
372,4,46,85,125
373,4,47,84,126
374,4,48,84,127
375,4,49,83,128
376,4,50,82,129
377,4,51,81,130
378,4,52,80,131
379,4,53,76,131
380,4,54,76,132
381,4,55,76,137
382,4,56,75,138
383,4,57,61,138
384,4,58,60,137
385,4,59,60,123
386,4,60,59,122
387,4,61,59,119
388,4,62,60,118
389,4,63,60,117
390,4,64,61,116
391,4,65,61,110
392,4,66,60,110
393,4,67,59,110
394,4,68,58,109
395,4,69,57,108
396,4,70,56,107
397,4,71,55,107
398,4,72,54,106
399,4,73,53,105
400,4,74,52,104
401,5,1,135,69
402,5,2,137,69
403,5,3,138,70
404,5,4,139,70
405,5,5,140,71
406,5,6,141,71
407,5,7,142,72
408,5,8,143,72
409,5,9,144,73
410,5,10,144,75
411,5,11,145,76
412,5,12,145,78
413,5,13,144,79
414,5,14,143,80
415,5,15,142,81
416,5,16,141,82
417,5,17,140,83
418,5,18,139,84
419,5,19,138,85
420,5,20,137,86
421,5,21,136,87
422,5,22,135,87
423,5,23,134,88
424,5,24,134,89
425,5,25,133,90
426,5,26,132,91
427,5,27,131,92
428,5,28,130,93
429,5,29,129,92
430,5,30,129,91
431,5,31,130,90
432,5,32,131,89
433,5,33,130,88
434,5,34,122,88
435,5,35,121,87
436,5,36,120,88
437,5,37,119,88
438,5,38,118,89
439,5,39,117,89
440,5,40,116,88
441,5,41,113,88
442,5,42,112,87
443,5,43,112,82
444,5,44,113,81
445,5,45,113,79
446,5,46,114,78
447,5,47,115,77
448,5,48,116,77
449,5,49,117,76
450,5,50,118,75
451,5,51,119,74
452,5,52,120,73
453,5,53,120,69
454,5,54,121,68
455,5,55,122,67
456,5,56,122,66
457,5,57,121,65
458,5,58,121,62
459,5,59,122,61
460,5,60,121,60
461,5,61,121,58
462,5,62,122,57
463,5,63,125,57
464,5,64,126,58
465,5,65,129,58
466,5,66,130,59
467,5,67,130,62
468,5,68,131,63
469,5,69,131,67
470,5,70,132,68
471,6,1,112,40
472,6,2,113,41
473,6,3,113,44
474,6,4,114,45
475,6,5,115,45
476,6,6,116,46
477,6,7,117,47
478,6,8,120,47
479,6,9,121,48
480,6,10,122,49
481,6,11,123,50
482,6,12,124,51
483,6,13,125,52
484,6,14,126,52
485,6,15,127,53
486,6,16,128,54
487,6,17,127,55
488,6,18,126,56
489,6,19,125,57
490,6,20,121,57
491,6,21,121,58
492,6,22,121,60
493,6,23,122,61
494,6,24,121,62
495,6,25,121,64
496,6,26,120,65
497,6,27,94,65
498,6,28,93,64
499,6,29,93,40
500,6,30,92,40
501,6,31,77,40
502,6,32,76,39
503,6,33,77,38
504,6,34,78,37
505,6,35,79,36
506,6,36,79,35
507,6,37,80,34
508,6,38,81,33
509,6,39,82,32
510,6,40,83,31
511,6,41,84,30
512,6,42,85,29
513,6,43,85,28
514,6,44,86,27
515,6,45,86,26
516,6,46,87,25
517,6,47,90,25
518,6,48,91,26
519,6,49,92,27
520,6,50,93,28
521,6,51,94,29
522,6,52,97,29
523,6,53,98,30
524,6,54,99,30
525,6,55,100,31
526,6,56,101,32
527,6,57,102,33
528,6,58,103,34
529,6,59,106,34
530,6,60,107,35
531,6,61,107,36
532,6,62,108,37
533,6,63,108,38
534,6,64,109,39
535,6,65,110,40
536,7,1,43,214
537,7,2,45,214
538,7,3,46,213
539,7,4,61,213
540,7,5,62,214
541,7,6,63,215
542,7,7,64,215
543,7,8,65,216
544,7,9,66,216
545,7,10,67,217
546,7,11,70,217
547,7,12,71,216
548,7,13,71,215
549,7,14,72,214
550,7,15,73,214
551,7,16,74,215
552,7,17,74,218
553,7,18,75,219
554,7,19,75,221
555,7,20,74,222
556,7,21,71,222
557,7,22,70,221
558,7,23,70,219
559,7,24,69,219
560,7,25,66,219
561,7,26,65,220
562,7,27,64,221
563,7,28,65,222
564,7,29,66,223
565,7,30,67,223
566,7,31,68,224
567,7,32,67,225
568,7,33,66,226
569,7,34,64,226
570,7,35,63,225
571,7,36,62,225
572,7,37,61,226
573,7,38,61,227
574,7,39,62,228
575,7,40,62,230
576,7,41,61,231
577,7,42,61,234
578,7,43,62,235
579,7,44,62,238
580,7,45,61,239
581,7,46,61,240
582,7,47,60,241
583,7,48,59,242
584,7,49,59,243
585,7,50,60,244
586,7,51,61,245
587,7,52,60,246
588,7,53,59,246
589,7,54,58,245
590,7,55,54,245
591,7,56,53,246
592,7,57,52,246
593,7,58,51,247
594,7,59,50,248
595,7,60,49,248
596,7,61,48,249
597,7,62,47,250
598,7,63,47,252
599,7,64,46,253
600,7,65,45,254
601,7,66,44,255
602,7,67,43,256
603,7,68,30,256
604,7,69,29,257
605,7,70,18,257
606,7,71,17,258
607,7,72,10,258
608,7,73,9,257
609,7,74,8,256
610,7,75,8,253
611,7,76,9,252
612,7,77,10,251
613,7,78,10,250
614,7,79,9,249
615,7,80,10,248
616,7,81,11,247
617,7,82,11,245
618,7,83,12,244
619,7,84,12,243
620,7,85,11,242
621,7,86,10,241
622,7,87,7,241
623,7,88,6,240
624,7,89,6,236
625,7,90,5,235
626,7,91,6,234
627,7,92,5,233
628,7,93,4,232
629,7,94,4,228
630,7,95,3,227
631,7,96,2,226
632,7,97,2,221
633,7,98,1,220
634,7,99,0,219
635,7,100,1,218
636,7,101,2,217
637,7,102,3,217
638,7,103,4,216
639,7,104,13,216
640,7,105,14,215
641,7,106,27,215
642,7,107,28,214
643,8,67,106,103
644,8,68,107,102
645,8,69,108,101
646,8,70,109,100
647,8,71,110,99
648,8,72,111,98
649,8,73,111,97
650,8,74,112,96
651,8,75,112,89
652,8,76,113,88
653,8,1,117,89
654,8,2,118,89
655,8,3,119,88
656,8,4,120,88
657,8,5,121,87
658,8,6,122,88
659,8,7,130,88
660,8,8,131,89
661,8,9,130,90
662,8,10,129,91
663,8,11,129,92
664,8,12,130,93
665,8,13,131,94
666,8,14,132,95
667,8,15,131,96
668,8,16,131,99
669,8,17,130,100
670,8,18,129,101
671,8,19,129,103
672,8,20,128,104
673,8,21,128,105
674,8,22,127,106
675,8,23,127,109
676,8,24,128,110
677,8,25,128,117
678,8,26,127,118
679,8,27,126,118
680,8,28,125,119
681,8,29,124,120
682,8,30,124,125
683,8,31,123,126
684,8,32,123,127
685,8,33,124,128
686,8,34,125,129
687,8,35,124,130
688,8,36,123,130
689,8,37,122,129
690,8,38,121,128
691,8,39,120,128
692,8,40,119,127
693,8,41,118,126
694,8,42,117,126
695,8,43,116,125
696,8,44,115,125
697,8,45,114,124
698,8,46,113,124
699,8,47,112,123
700,8,48,111,123
701,8,49,110,122
702,8,50,109,122
703,8,51,108,121
704,8,52,107,120
705,8,53,106,119
706,8,54,105,118
707,8,55,104,117
708,8,56,103,116
709,8,57,103,115
710,8,58,102,114
711,8,59,102,112
712,8,60,101,111
713,8,61,101,108
714,8,62,102,107
715,8,63,102,105
716,8,64,103,104
717,8,65,104,104
718,8,66,105,103
719,9,1,121,30
720,9,2,122,30
721,9,3,123,31
722,9,4,129,31
723,9,5,130,32
724,9,6,131,32
725,9,7,132,33
726,9,8,133,34
727,9,9,134,34
728,9,10,135,35
729,9,11,136,36
730,9,12,136,38
731,9,13,135,39
732,9,14,134,40
733,9,15,133,41
734,9,16,132,42
735,9,17,132,44
736,9,18,131,45
737,9,19,130,46
738,9,20,130,48
739,9,21,131,49
740,9,22,131,50
741,9,23,130,51
742,9,24,129,52
743,9,25,129,53
744,9,26,128,54
745,9,27,127,53
746,9,28,126,52
747,9,29,125,52
748,9,30,124,51
749,9,31,123,50
750,9,32,122,49
751,9,33,121,48
752,9,34,120,47
753,9,35,117,47
754,9,36,116,46
755,9,37,115,45
756,9,38,114,45
757,9,39,113,44
758,9,40,113,41
759,9,41,112,40
760,9,42,110,40
761,9,43,109,39
762,9,44,108,38
763,9,45,108,37
764,9,46,107,36
765,9,47,107,35
766,9,48,106,34
767,9,49,103,34
768,9,50,102,33
769,9,51,101,32
770,9,52,100,31
771,9,53,99,30
772,9,54,98,30
773,9,55,97,29
774,9,56,94,29
775,9,57,93,28
776,9,58,92,27
777,9,59,91,26
778,9,60,90,25
779,9,61,87,25
780,9,62,86,24
781,9,63,86,11
782,9,64,87,10
783,9,65,88,9
784,9,66,89,10
785,9,67,90,11
786,9,68,91,11
787,9,69,92,12
788,9,70,93,13
789,9,71,94,14
790,9,72,95,15
791,9,73,96,15
792,9,74,97,16
793,9,75,98,17
794,9,76,99,18
795,9,77,100,19
796,9,78,101,20
797,9,79,102,21
798,9,80,103,21
799,9,81,104,22
800,9,82,105,23
801,9,83,106,23
802,9,84,107,22
803,9,85,109,22
804,9,86,110,23
805,9,87,111,23
806,9,88,112,24
807,9,89,113,24
808,9,90,114,25
809,9,91,115,26
810,9,92,116,27
811,9,93,117,28
812,9,94,118,28
813,9,95,119,29
814,10,1,54,11
815,10,2,55,11
816,10,3,56,12
817,10,4,57,12
818,10,5,58,13
819,10,6,58,16
820,10,7,59,17
821,10,8,61,17
822,10,9,62,18
823,10,10,66,18
824,10,11,67,19
825,10,12,67,25
826,10,13,66,26
827,10,14,65,27
828,10,15,64,28
829,10,16,63,28
830,10,17,62,29
831,10,18,61,28
832,10,19,60,27
833,10,20,59,27
834,10,21,58,28
835,10,22,57,29
836,10,23,56,28
837,10,24,55,28
838,10,25,54,27
839,10,26,53,28
840,10,27,52,27
841,10,28,51,27
842,10,29,50,26
843,10,30,49,25
844,10,31,49,24
845,10,32,48,24
846,10,33,47,24
847,10,34,46,23
848,10,35,46,19
849,10,36,45,18
850,10,37,44,17
851,10,38,43,17
852,10,39,42,18
853,10,40,42,21
854,10,41,43,22
855,10,42,43,23
856,10,43,42,24
857,10,44,40,24
858,10,45,39,25
859,10,46,38,25
860,10,47,37,24
861,10,48,36,23
862,10,49,35,22
863,10,50,34,21
864,10,51,34,18
865,10,52,35,17
866,10,53,35,12
867,10,54,34,11
868,10,55,34,10
869,10,56,35,9
870,10,57,35,8
871,10,58,36,7
872,10,59,38,7
873,10,60,39,6
874,10,61,40,5
875,10,62,41,4
876,10,63,41,3
877,10,64,42,2
878,10,65,43,1
879,10,66,44,0
880,10,67,46,0
881,10,68,47,1
882,10,69,48,2
883,10,70,49,3
884,10,71,53,3
885,10,72,54,4
886,10,73,53,5
887,11,1,60,148
888,11,2,60,139
889,11,3,61,138
890,11,4,75,138
891,11,5,76,139
892,11,6,76,183
893,11,7,75,184
894,11,8,74,183
895,11,9,73,182
896,11,10,72,182
897,11,11,71,181
898,11,12,70,180
899,11,13,69,179
900,11,14,67,179
901,11,15,66,178
902,11,16,61,178
903,11,17,60,177
904,11,18,59,178
905,11,19,58,178
906,11,20,57,179
907,11,21,56,180
908,11,22,54,180
909,11,23,53,179
910,11,24,52,178
911,11,25,51,178
912,11,26,50,179
913,11,27,48,179
914,11,28,47,178
915,11,29,46,177
916,11,30,45,176
917,11,31,44,175
918,11,32,41,175
919,11,33,40,174
920,11,34,39,173
921,11,35,38,173
922,11,36,37,172
923,11,37,36,172
924,11,38,35,171
925,11,39,35,170
926,11,40,36,169
927,11,41,37,168
928,11,42,36,167
929,11,43,33,167
930,11,44,32,166
931,11,45,32,164
932,11,46,31,163
933,11,47,31,153
934,11,48,30,152
935,11,49,29,151
936,11,50,30,150
937,11,51,42,150
938,11,52,43,149
939,11,53,54,149
940,11,54,55,148
941,12,1,40,68
942,12,2,41,69
943,12,3,42,70
944,12,4,42,75
945,12,5,43,75
946,12,6,44,74
947,12,7,46,74
948,12,8,47,75
949,12,9,48,75
950,12,10,49,76
951,12,11,49,78
952,12,12,50,78
953,12,13,51,79
954,12,14,52,80
955,12,15,52,81
956,12,16,53,81
957,12,17,54,82
958,12,18,54,84
959,12,19,55,85
960,12,20,56,86
961,12,21,56,87
962,12,22,55,88
963,12,23,55,89
964,12,24,54,90
965,12,25,54,91
966,12,26,53,92
967,12,27,53,93
968,12,28,52,94
969,12,29,52,95
970,12,30,51,96
971,12,31,51,98
972,12,32,52,99
973,12,33,52,104
974,12,34,53,105
975,12,35,52,106
976,12,36,46,106
977,12,37,45,107
978,12,38,43,107
979,12,39,42,106
980,12,40,41,105
981,12,41,41,104
982,12,42,40,103
983,12,43,39,103
984,12,44,38,102
985,12,45,38,101
986,12,46,39,100
987,12,47,39,97
988,12,48,38,96
989,12,49,38,94
990,12,50,37,93
991,12,51,36,92
992,12,52,34,92
993,12,53,33,91
994,12,54,32,90
995,12,55,32,89
996,12,56,31,88
997,12,57,31,87
998,12,58,30,86
999,12,59,29,85
1000,12,60,28,84
1001,12,61,26,84
1002,12,62,25,83
1003,12,63,24,82
1004,12,64,23,83
1005,12,65,21,83
1006,12,66,20,84
1007,12,67,19,84
1008,12,68,18,83
1009,12,69,19,82
1010,12,70,19,80
1011,12,71,20,79
1012,12,72,20,78
1013,12,73,19,77
1014,12,74,18,76
1015,12,75,17,75
1016,12,76,16,74
1017,12,77,15,73
1018,12,78,15,72
1019,12,79,14,71
1020,12,80,13,71
1021,12,81,12,70
1022,12,82,13,69
1023,12,83,13,68
1024,12,84,14,67
1025,12,85,15,66
1026,12,86,16,65
1027,12,87,17,64
1028,12,88,18,63
1029,12,89,19,64
1030,12,90,20,63
1031,12,91,21,63
1032,12,92,22,64
1033,12,93,23,65
1034,12,94,23,66
1035,12,95,24,67
1036,12,96,26,67
1037,12,97,27,68
1038,12,98,29,68
1039,12,99,30,69
1040,12,100,31,69
1041,12,101,32,68
1042,12,102,33,68
1043,12,103,34,69
1044,12,104,35,70
1045,12,105,37,70
1046,12,106,37,69
1047,12,107,38,68
1048,12,108,39,67
1049,13,1,23,112
1050,13,2,24,111
1051,13,3,25,110
1052,13,4,26,109
1053,13,5,28,109
1054,13,6,29,108
1055,13,7,30,109
1056,13,8,31,109
1057,13,9,32,110
1058,13,10,33,111
1059,13,11,35,111
1060,13,12,36,112
1061,13,13,37,113
1062,13,14,38,114
1063,13,15,38,118
1064,13,16,39,119
1065,13,17,38,120
1066,13,18,38,121
1067,13,19,39,122
1068,13,20,39,124
1069,13,21,40,125
1070,13,22,41,126
1071,13,23,42,127
1072,13,24,43,128
1073,13,25,44,129
1074,13,26,44,130
1075,13,27,43,131
1076,13,28,43,133
1077,13,29,44,134
1078,13,30,45,135
1079,13,31,45,136
1080,13,32,46,137
1081,13,33,47,138
1082,13,34,47,141
1083,13,35,46,142
1084,13,36,46,146
1085,13,37,45,147
1086,13,38,44,148
1087,13,39,43,149
1088,13,40,42,150
1089,13,41,30,150
1090,13,42,29,151
1091,13,43,30,152
1092,13,44,31,153
1093,13,45,31,163
1094,13,46,32,164
1095,13,47,32,166
1096,13,48,31,167
1097,13,49,30,167
1098,13,50,29,166
1099,13,51,26,166
1100,13,52,25,165
1101,13,53,24,164
1102,13,54,24,163
1103,13,55,23,162
1104,13,56,20,162
1105,13,57,19,163
1106,13,58,18,163
1107,13,59,17,162
1108,13,60,17,160
1109,13,61,16,159
1110,13,62,15,158
1111,13,63,14,158
1112,13,64,13,159
1113,13,65,12,158
1114,13,66,11,157
1115,13,67,11,154
1116,13,68,10,153
1117,13,69,10,152
1118,13,70,9,151
1119,13,71,9,146
1120,13,72,8,145
1121,13,73,9,144
1122,13,74,8,143
1123,13,75,9,142
1124,13,76,10,141
1125,13,77,10,140
1126,13,78,11,139
1127,13,79,10,138
1128,13,80,10,137
1129,13,81,11,136
1130,13,82,11,135
1131,13,83,12,134
1132,13,84,13,133
1133,13,85,14,132
1134,13,86,13,131
1135,13,87,13,130
1136,13,88,12,129
1137,13,89,12,126
1138,13,90,13,125
1139,13,91,13,124
1140,13,92,12,123
1141,13,93,11,122
1142,13,94,11,121
1143,13,95,10,120
1144,13,96,9,119
1145,13,97,9,117
1146,13,98,8,116
1147,13,99,9,115
1148,13,100,12,115
1149,13,101,13,114
1150,13,102,13,112
1151,13,103,14,111
1152,13,104,14,110
1153,13,105,15,109
1154,13,106,18,109
1155,13,107,19,110
1156,13,108,20,111
1157,13,109,21,112
1158,14,1,162,53
1159,14,2,163,52
1160,14,3,164,52
1161,14,4,165,51
1162,14,5,165,50
1163,14,6,166,49
1164,14,7,167,48
1165,14,8,167,47
1166,14,9,168,46
1167,14,10,168,42
1168,14,11,169,41
1169,14,12,170,41
1170,14,13,171,40
1171,14,14,173,40
1172,14,15,174,41
1173,14,16,175,42
1174,14,17,176,43
1175,14,18,176,48
1176,14,19,177,49
1177,14,20,177,52
1178,14,21,176,53
1179,14,22,176,54
1180,14,23,175,55
1181,14,24,175,56
1182,14,25,174,57
1183,14,26,172,57
1184,14,27,171,58
1185,14,28,170,58
1186,14,29,169,59
1187,14,30,168,60
1188,14,31,165,60
1189,14,32,164,61
1190,14,33,163,62
1191,14,34,163,64
1192,14,35,162,65
1193,14,36,160,65
1194,14,37,159,66
1195,14,38,158,67
1196,14,39,157,67
1197,14,40,156,68
1198,14,41,155,69
1199,14,42,154,70
1200,14,43,152,70
1201,14,44,151,71
1202,14,45,150,72
1203,14,46,149,73
1204,14,47,149,74
1205,14,48,148,75
1206,14,49,147,76
1207,14,50,146,77
1208,14,51,145,76
1209,14,52,145,75
1210,14,53,144,74
1211,14,54,144,73
1212,14,55,143,72
1213,14,56,142,72
1214,14,57,141,71
1215,14,58,140,71
1216,14,59,139,70
1217,14,60,138,70
1218,14,61,137,69
1219,14,62,135,69
1220,14,63,134,68
1221,14,64,132,68
1222,14,65,131,67
1223,14,66,131,63
1224,14,67,130,62
1225,14,68,130,59
1226,14,69,131,58
1227,14,70,132,57
1228,14,71,134,57
1229,14,72,135,58
1230,14,73,137,58
1231,14,74,138,59
1232,14,75,139,60
1233,14,76,140,60
1234,14,77,141,61
1235,14,78,143,61
1236,14,79,144,60
1237,14,80,146,60
1238,14,81,147,61
1239,14,82,148,62
1240,14,83,149,61
1241,14,84,149,59
1242,14,85,150,58
1243,14,86,151,57
1244,14,87,152,57
1245,14,88,153,58
1246,14,89,154,58
1247,14,90,155,59
1248,14,91,156,58
1249,14,92,157,57
1250,14,93,158,56
1251,14,94,160,56
1252,14,95,161,55
1253,15,45,7,207
1254,15,46,6,206
1255,15,47,3,206
1256,15,48,2,205
1257,15,49,2,203
1258,15,50,1,202
1259,15,51,0,201
1260,15,52,0,200
1261,15,53,1,199
1262,15,54,2,198
1263,15,55,1,197
1264,15,56,0,196
1265,15,57,1,195
1266,15,58,3,195
1267,15,59,3,194
1268,15,60,2,193
1269,15,61,1,192
1270,15,62,2,191
1271,15,63,3,191
1272,15,64,4,190
1273,15,65,4,186
1274,15,66,5,185
1275,15,67,4,184
1276,15,68,4,182
1277,15,69,5,181
1278,15,70,6,180
1279,15,71,7,179
1280,15,72,7,177
1281,15,73,6,176
1282,15,74,6,173
1283,15,75,5,172
1284,15,76,5,170
1285,15,77,6,169
1286,15,78,5,168
1287,15,79,5,167
1288,15,80,4,166
1289,15,81,4,164
1290,15,82,5,163
1291,15,83,5,162
1292,15,84,4,161
1293,15,85,5,160
1294,15,86,5,159
1295,15,87,4,158
1296,15,88,5,157
1297,15,89,6,156
1298,15,90,7,156
1299,15,91,7,155
1300,15,92,7,154
1301,15,93,8,153
1302,15,94,9,154
1303,15,95,10,153
1304,15,96,11,154
1305,15,97,11,157
1306,15,98,12,158
1307,15,99,13,159
1308,15,100,14,158
1309,15,101,15,158
1310,15,102,16,159
1311,15,103,17,160
1312,15,1,17,162
1313,15,2,18,163
1314,15,3,19,163
1315,15,4,20,162
1316,15,5,23,162
1317,15,6,24,163
1318,15,7,24,165
1319,15,8,25,166
1320,15,9,29,166
1321,15,10,30,167
1322,15,11,31,167
1323,15,12,32,168
1324,15,13,32,176
1325,15,14,33,177
1326,15,15,33,179
1327,15,16,34,180
1328,15,17,34,181
1329,15,18,35,182
1330,15,19,34,183
1331,15,20,33,184
1332,15,21,29,184
1333,15,22,28,185
1334,15,23,28,187
1335,15,24,27,188
1336,15,25,26,188
1337,15,26,25,189
1338,15,27,24,190
1339,15,28,23,191
1340,15,29,22,192
1341,15,30,21,193
1342,15,31,20,193
1343,15,32,19,194
1344,15,33,18,194
1345,15,34,17,195
1346,15,35,16,196
1347,15,36,16,199
1348,15,37,15,200
1349,15,38,14,201
1350,15,39,13,202
1351,15,40,11,202
1352,15,41,11,203
1353,15,42,10,204
1354,15,43,10,206
1355,15,44,9,207
1356,16,1,57,179
1357,16,2,58,178
1358,16,3,59,178
1359,16,4,60,177
1360,16,5,61,178
1361,16,6,66,178
1362,16,7,67,179
1363,16,8,69,179
1364,16,9,70,180
1365,16,10,71,181
1366,16,11,72,182
1367,16,12,73,182
1368,16,13,74,183
1369,16,14,75,184
1370,16,15,76,185
1371,16,16,76,197
1372,16,17,77,198
1373,16,18,77,199
1374,16,19,78,199
1375,16,20,79,200
1376,16,21,80,201
1377,16,22,81,202
1378,16,23,81,203
1379,16,24,80,204
1380,16,25,72,204
1381,16,26,71,203
1382,16,27,70,203
1383,16,28,69,202
1384,16,29,68,202
1385,16,30,67,201
1386,16,31,66,201
1387,16,32,65,200
1388,16,33,63,200
1389,16,34,62,201
1390,16,35,62,202
1391,16,36,61,203
1392,16,37,61,204
1393,16,38,62,205
1394,16,39,62,208
1395,16,40,63,209
1396,16,41,63,212
1397,16,42,62,213
1398,16,43,46,213
1399,16,44,45,214
1400,16,45,28,214
1401,16,46,27,215
1402,16,47,14,215
1403,16,48,13,216
1404,16,49,5,216
1405,16,50,4,215
1406,16,51,3,214
1407,16,52,2,213
1408,16,53,2,211
1409,16,54,1,210
1410,16,55,1,208
1411,16,56,2,207
1412,16,57,3,206
1413,16,58,6,206
1414,16,59,7,207
1415,16,60,9,207
1416,16,61,10,206
1417,16,62,10,204
1418,16,63,11,203
1419,16,64,12,202
1420,16,65,13,202
1421,16,66,14,201
1422,16,67,15,200
1423,16,68,16,199
1424,16,69,16,196
1425,16,70,17,195
1426,16,71,18,194
1427,16,72,19,194
1428,16,73,20,193
1429,16,74,21,193
1430,16,75,22,192
1431,16,76,23,191
1432,16,77,24,190
1433,16,78,25,189
1434,16,79,26,188
1435,16,80,27,188
1436,16,81,28,187
1437,16,82,28,185
1438,16,83,29,184
1439,16,84,34,184
1440,16,85,35,183
1441,16,86,35,182
1442,16,87,34,181
1443,16,88,34,180
1444,16,89,33,179
1445,16,90,33,176
1446,16,91,32,175
1447,16,92,32,168
1448,16,93,33,167
1449,16,94,36,167
1450,16,95,37,168
1451,16,96,36,169
1452,16,97,35,170
1453,16,98,35,171
1454,16,99,36,172
1455,16,100,37,172
1456,16,101,38,173
1457,16,102,39,173
1458,16,103,40,174
1459,16,104,41,175
1460,16,105,44,175
1461,16,106,45,176
1462,16,107,46,177
1463,16,108,47,178
1464,16,109,48,179
1465,16,110,50,179
1466,16,111,51,178
1467,16,112,52,178
1468,16,113,53,179
1469,16,114,54,180
1470,17,80,51,46
1471,17,81,50,47
1472,17,82,45,47
1473,17,83,44,48
1474,17,84,43,47
1475,17,85,42,47
1476,17,86,41,46
1477,17,87,40,45
1478,17,88,40,44
1479,17,89,39,43
1480,17,90,38,42
1481,17,91,39,41
1482,17,92,40,40
1483,17,93,41,40
1484,17,94,42,39
1485,17,95,42,37
1486,17,96,41,36
1487,17,97,40,37
1488,17,98,34,37
1489,17,99,33,38
1490,17,100,27,38
1491,17,101,26,37
1492,17,102,24,37
1493,17,103,23,36
1494,17,104,23,35
1495,17,105,22,34
1496,17,106,21,33
1497,17,107,20,32
1498,17,108,20,31
1499,17,109,21,30
1500,17,110,21,29
1501,17,111,22,28
1502,17,112,23,28
1503,17,113,24,27
1504,17,114,25,27
1505,17,115,26,26
1506,17,116,27,25
1507,17,117,28,25
1508,17,118,29,24
1509,17,119,30,23
1510,17,120,31,22
1511,17,121,32,22
1512,17,122,33,21
1513,17,123,34,21
1514,17,124,35,22
1515,17,125,36,23
1516,17,126,37,24
1517,17,127,38,25
1518,17,128,39,25
1519,17,129,40,24
1520,17,130,42,24
1521,17,131,43,23
1522,17,132,43,22
1523,17,133,42,21
1524,17,134,42,18
1525,17,135,43,17
1526,17,136,44,17
1527,17,137,45,18
1528,17,138,46,19
1529,17,139,46,23
1530,17,140,47,24
1531,17,141,48,24
1532,17,142,49,25
1533,17,143,50,26
1534,17,144,51,27
1535,17,145,52,27
1536,17,146,53,28
1537,17,147,54,27
1538,17,1,55,28
1539,17,2,56,28
1540,17,3,57,29
1541,17,4,58,28
1542,17,5,59,27
1543,17,6,60,27
1544,17,7,61,28
1545,17,8,62,29
1546,17,9,63,28
1547,17,10,64,28
1548,17,11,65,27
1549,17,12,66,26
1550,17,13,67,25
1551,17,14,67,18
1552,17,15,66,18
1553,17,16,63,18
1554,17,17,62,17
1555,17,18,59,17
1556,17,19,58,16
1557,17,20,58,13
1558,17,21,57,12
1559,17,22,56,12
1560,17,23,55,11
1561,17,24,54,10
1562,17,25,54,9
1563,17,26,53,8
1564,17,27,53,5
1565,17,28,54,4
1566,17,29,55,3
1567,17,30,60,3
1568,17,31,61,4
1569,17,32,62,5
1570,17,33,63,6
1571,17,34,64,7
1572,17,35,65,7
1573,17,36,66,6
1574,17,37,66,5
1575,17,38,67,4
1576,17,39,68,3
1577,17,40,68,2
1578,17,41,69,1
1579,17,42,70,2
1580,17,43,71,3
1581,17,44,72,2
1582,17,45,80,2
1583,17,46,81,3
1584,17,47,82,4
1585,17,48,83,5
1586,17,49,84,6
1587,17,50,85,6
1588,17,51,86,7
1589,17,52,86,27
1590,17,53,85,28
1591,17,54,85,29
1592,17,55,84,30
1593,17,56,83,31
1594,17,57,82,32
1595,17,58,81,33
1596,17,59,80,34
1597,17,60,79,35
1598,17,61,79,36
1599,17,62,78,37
1600,17,63,77,38
1601,17,64,76,39
1602,17,65,75,40
1603,17,66,74,41
1604,17,67,66,41
1605,17,68,65,42
1606,17,69,65,43
1607,17,70,64,44
1608,17,71,64,45
1609,17,72,63,46
1610,17,73,62,46
1611,17,74,61,45
1612,17,75,60,45
1613,17,76,59,46
1614,17,77,56,46
1615,17,78,55,45
1616,17,79,52,45
1617,18,1,20,84
1618,18,2,21,83
1619,18,3,23,83
1620,18,4,24,82
1621,18,5,25,83
1622,18,6,25,84
1623,18,7,26,84
1624,18,8,28,84
1625,18,9,29,85
1626,18,10,30,86
1627,18,11,31,87
1628,18,12,31,88
1629,18,13,32,89
1630,18,14,32,90
1631,18,15,33,91
1632,18,16,34,92
1633,18,17,36,92
1634,18,18,37,93
1635,18,19,38,94
1636,18,20,38,96
1637,18,21,39,97
1638,18,22,39,100
1639,18,23,38,101
1640,18,24,38,102
1641,18,25,39,103
1642,18,26,40,103
1643,18,27,41,104
1644,18,28,41,105
1645,18,29,40,106
1646,18,30,36,106
1647,18,31,35,107
1648,18,32,35,110
1649,18,33,34,111
1650,18,34,33,111
1651,18,35,32,110
1652,18,36,31,109
1653,18,37,30,109
1654,18,38,29,108
1655,18,39,28,109
1656,18,40,26,109
1657,18,41,25,110
1658,18,42,24,111
1659,18,43,23,112
1660,18,44,21,112
1661,18,45,20,111
1662,18,46,19,110
1663,18,47,19,109
1664,18,48,18,109
1665,18,49,15,109
1666,18,50,14,110
1667,18,51,14,111
1668,18,52,13,112
1669,18,53,13,114
1670,18,54,12,115
1671,18,55,9,115
1672,18,56,8,114
1673,18,57,8,113
1674,18,58,7,112
1675,18,59,6,111
1676,18,60,6,110
1677,18,61,7,109
1678,18,62,8,108
1679,18,63,7,107
1680,18,64,6,107
1681,18,65,5,106
1682,18,66,5,99
1683,18,67,6,98
1684,18,68,6,97
1685,18,69,7,96
1686,18,70,6,95
1687,18,71,7,94
1688,18,72,7,93
1689,18,73,8,92
1690,18,74,8,91
1691,18,75,9,90
1692,18,76,10,90
1693,18,77,11,89
1694,18,78,12,88
1695,18,79,11,87
1696,18,80,10,87
1697,18,81,9,86
1698,18,82,9,83
1699,18,83,8,82
1700,18,84,8,80
1701,18,85,9,79
1702,18,86,10,78
1703,18,87,11,77
1704,18,88,11,75
1705,18,89,10,74
1706,18,90,11,73
1707,18,91,12,72
1708,18,92,13,71
1709,18,93,14,71
1710,18,94,15,72
1711,18,95,15,73
1712,18,96,16,74
1713,18,97,17,75
1714,18,98,18,76
1715,18,99,19,77
1716,18,100,20,78
1717,18,101,20,79
1718,18,102,19,80
1719,18,103,19,82
1720,18,104,18,83
1721,18,105,18,84
1722,18,106,19,84
1723,19,1,52,106
1724,19,2,53,105
1725,19,3,54,106
1726,19,4,55,107
1727,19,5,56,107
1728,19,6,57,108
1729,19,7,58,109
1730,19,8,59,110
1731,19,9,60,110
1732,19,10,61,111
1733,19,11,61,116
1734,19,12,60,117
1735,19,13,60,118
1736,19,14,59,119
1737,19,15,59,122
1738,19,16,60,123
1739,19,17,60,147
1740,19,18,59,148
1741,19,19,55,148
1742,19,20,54,149
1743,19,21,45,149
1744,19,22,44,148
1745,19,23,45,147
1746,19,24,46,146
1747,19,25,46,142
1748,19,26,47,141
1749,19,27,47,138
1750,19,28,46,137
1751,19,29,45,136
1752,19,30,45,135
1753,19,31,44,134
1754,19,32,43,133
1755,19,33,43,131
1756,19,34,44,130
1757,19,35,44,129
1758,19,36,43,128
1759,19,37,42,127
1760,19,38,41,126
1761,19,39,40,125
1762,19,40,39,124
1763,19,41,39,122
1764,19,42,38,121
1765,19,43,38,120
1766,19,44,39,119
1767,19,45,38,118
1768,19,46,38,114
1769,19,47,37,113
1770,19,48,36,112
1771,19,49,35,111
1772,19,50,35,107
1773,19,51,36,106
1774,19,52,42,106
1775,19,53,43,107
1776,19,54,45,107
1777,19,55,46,106
1778,20,1,32,256
1779,20,2,43,256
1780,20,3,44,257
1781,20,4,44,259
1782,20,5,45,260
1783,20,6,45,261
1784,20,7,46,262
1785,20,8,47,262
1786,20,9,48,263
1787,20,10,49,264
1788,20,11,50,265
1789,20,12,51,266
1790,20,13,52,267
1791,20,14,58,267
1792,20,15,59,268
1793,20,16,59,277
1794,20,17,58,278
1795,20,18,57,279
1796,20,19,56,280
1797,20,20,55,280
1798,20,21,54,281
1799,20,22,53,281
1800,20,23,52,282
1801,20,24,51,283
1802,20,25,50,284
1803,20,26,49,285
1804,20,27,48,286
1805,20,28,47,287
1806,20,29,47,288
1807,20,30,46,289
1808,20,31,45,290
1809,20,32,45,292
1810,20,33,46,293
1811,20,34,46,296
1812,20,35,45,297
1813,20,36,44,298
1814,20,37,43,299
1815,20,38,42,300
1816,20,39,41,299
1817,20,40,40,300
1818,20,41,39,301
1819,20,42,38,302
1820,20,43,37,303
1821,20,44,37,307
1822,20,45,36,308
1823,20,46,35,309
1824,20,47,35,310
1825,20,48,36,310
1826,20,49,37,309
1827,20,50,38,310
1828,20,51,38,313
1829,20,52,39,314
1830,20,53,38,315
1831,20,54,36,315
1832,20,55,35,316
1833,20,56,35,318
1834,20,57,36,318
1835,20,58,37,318
1836,20,59,38,317
1837,20,60,40,317
1838,20,61,41,318
1839,20,62,41,319
1840,20,63,42,320
1841,20,64,43,321
1842,20,65,42,322
1843,20,66,41,322
1844,20,67,40,321
1845,20,68,39,321
1846,20,69,38,320
1847,20,70,37,320
1848,20,71,36,321
1849,20,72,33,321
1850,20,73,32,320
1851,20,74,27,320
1852,20,75,26,321
1853,20,76,24,321
1854,20,77,23,322
1855,20,78,21,322
1856,20,79,20,323
1857,20,80,19,323
1858,20,81,18,322
1859,20,82,17,322
1860,20,83,16,321
1861,20,84,16,320
1862,20,85,15,319
1863,20,86,14,319
1864,20,87,13,318
1865,20,88,13,317
1866,20,89,14,316
1867,20,90,13,315
1868,20,91,13,314
1869,20,92,12,313
1870,20,93,11,312
1871,20,94,10,311
1872,20,95,7,311
1873,20,96,6,310
1874,20,97,5,309
1875,20,98,5,308
1876,20,99,4,307
1877,20,100,3,307
1878,20,101,2,306
1879,20,102,2,302
1880,20,103,1,301
1881,20,104,1,295
1882,20,105,2,294
1883,20,106,3,293
1884,20,107,4,292
1885,20,108,4,291
1886,20,109,5,290
1887,20,110,6,291
1888,20,111,7,292
1889,20,112,8,293
1890,20,113,9,292
1891,20,114,9,291
1892,20,115,8,290
1893,20,116,7,289
1894,20,117,7,288
1895,20,118,6,287
1896,20,119,6,285
1897,20,120,7,284
1898,20,121,7,282
1899,20,122,6,281
1900,20,123,6,280
1901,20,124,5,279
1902,20,125,6,278
1903,20,126,6,277
1904,20,127,7,276
1905,20,128,7,273
1906,20,129,8,272
1907,20,130,9,271
1908,20,131,9,267
1909,20,132,10,266
1910,20,133,11,265
1911,20,134,11,264
1912,20,135,10,263
1913,20,136,9,262
1914,20,137,8,261
1915,20,138,8,259
1916,20,139,9,258
1917,20,140,17,258
1918,20,141,18,257
1919,20,142,29,257
1920,20,143,30,256
1921,21,1,103,65
1922,21,2,121,65
1923,21,3,122,66
1924,21,4,122,67
1925,21,5,121,68
1926,21,6,120,69
1927,21,7,120,73
1928,21,8,119,74
1929,21,9,118,75
1930,21,10,117,76
1931,21,11,116,77
1932,21,12,115,77
1933,21,13,114,78
1934,21,14,113,79
1935,21,15,113,81
1936,21,16,112,82
1937,21,17,112,87
1938,21,18,113,88
1939,21,19,112,89
1940,21,20,112,96
1941,21,21,111,97
1942,21,22,111,98
1943,21,23,110,99
1944,21,24,109,100
1945,21,25,108,101
1946,21,26,107,102
1947,21,27,106,103
1948,21,28,105,103
1949,21,29,104,104
1950,21,30,103,104
1951,21,31,102,105
1952,21,32,102,107
1953,21,33,101,108
1954,21,34,101,111
1955,21,35,102,112
1956,21,36,102,114
1957,21,37,103,115
1958,21,38,103,116
1959,21,39,104,117
1960,21,40,105,118
1961,21,41,106,119
1962,21,42,107,120
1963,21,43,106,121
1964,21,44,105,121
1965,21,45,104,122
1966,21,46,103,123
1967,21,47,101,123
1968,21,48,100,124
1969,21,49,99,123
1970,21,50,98,124
1971,21,51,97,125
1972,21,52,97,126
1973,21,53,96,127
1974,21,54,95,128
1975,21,55,95,129
1976,21,56,94,130
1977,21,57,93,131
1978,21,58,82,131
1979,21,59,81,130
1980,21,60,82,129
1981,21,61,83,128
1982,21,62,84,127
1983,21,63,84,126
1984,21,64,85,125
1985,21,65,86,124
1986,21,66,87,123
1987,21,67,87,122
1988,21,68,88,121
1989,21,69,89,120
1990,21,70,90,119
1991,21,71,91,118
1992,21,72,91,117
1993,21,73,92,116
1994,21,74,92,114
1995,21,75,91,113
1996,21,76,90,112
1997,21,77,90,111
1998,21,78,89,110
1999,21,79,89,109
2000,21,80,88,108
2001,21,81,87,107
2002,21,82,87,104
2003,21,83,88,103
2004,21,84,89,102
2005,21,85,89,101
2006,21,86,90,100
2007,21,87,90,96
2008,21,88,91,95
2009,21,89,91,94
2010,21,90,92,93
2011,21,91,91,92
2012,21,92,90,91
2013,21,93,89,90
2014,21,94,89,89
2015,21,95,88,88
2016,21,96,88,85
2017,21,97,89,84
2018,21,98,89,80
2019,21,99,90,79
2020,21,100,90,77
2021,21,101,91,76
2022,21,102,91,73
2023,21,103,92,72
2024,21,104,92,69
2025,21,105,93,68
2026,21,106,93,66
2027,21,107,94,65
2028,22,26,80,82
2029,22,27,79,83
2030,22,28,77,83
2031,22,29,76,82
2032,22,30,75,81
2033,22,31,74,80
2034,22,32,73,80
2035,22,33,72,81
2036,22,34,71,81
2037,22,35,70,82
2038,22,36,69,81
2039,22,37,68,80
2040,22,38,67,79
2041,22,39,66,80
2042,22,40,63,80
2043,22,41,62,79
2044,22,42,61,78
2045,22,43,60,77
2046,22,44,60,75
2047,22,45,59,74
2048,22,46,58,74
2049,22,47,57,73
2050,22,48,57,71
2051,22,49,58,70
2052,22,50,57,69
2053,22,51,57,66
2054,22,52,56,65
2055,22,53,57,64
2056,22,54,58,64
2057,22,55,59,63
2058,22,56,59,61
2059,22,57,60,60
2060,22,58,60,59
2061,22,59,61,58
2062,22,60,61,56
2063,22,61,62,55
2064,22,62,62,53
2065,22,63,63,52
2066,22,64,63,51
2067,22,65,64,50
2068,22,66,64,47
2069,22,67,63,46
2070,22,68,64,45
2071,22,69,64,44
2072,22,70,65,43
2073,22,71,65,42
2074,22,72,66,41
2075,22,73,74,41
2076,22,74,75,40
2077,22,75,76,39
2078,22,76,77,40
2079,22,1,78,40
2080,22,2,92,40
2081,22,3,93,41
2082,22,4,93,64
2083,22,5,94,65
2084,22,6,93,66
2085,22,7,93,68
2086,22,8,92,69
2087,22,9,92,72
2088,22,10,91,73
2089,22,11,91,76
2090,22,12,90,77
2091,22,13,90,79
2092,22,14,89,80
2093,22,15,89,84
2094,22,16,88,85
2095,22,17,88,88
2096,22,18,87,89
2097,22,19,86,88
2098,22,20,85,88
2099,22,21,84,87
2100,22,22,84,86
2101,22,23,83,85
2102,22,24,82,84
2103,22,25,81,83
2104,23,1,57,46
2105,23,2,59,46
2106,23,3,60,45
2107,23,4,61,45
2108,23,5,62,46
2109,23,6,63,46
2110,23,7,64,47
2111,23,8,64,50
2112,23,9,63,51
2113,23,10,63,52
2114,23,11,62,53
2115,23,12,62,55
2116,23,13,61,56
2117,23,14,61,58
2118,23,15,60,59
2119,23,16,60,60
2120,23,17,59,61
2121,23,18,59,63
2122,23,19,58,64
2123,23,20,57,64
2124,23,21,56,65
2125,23,22,55,64
2126,23,23,53,64
2127,23,24,52,65
2128,23,25,51,64
2129,23,26,51,63
2130,23,27,50,62
2131,23,28,49,61
2132,23,29,49,60
2133,23,30,48,59
2134,23,31,48,57
2135,23,32,47,56
2136,23,33,47,55
2137,23,34,48,54
2138,23,35,49,53
2139,23,36,49,52
2140,23,37,48,51
2141,23,38,47,50
2142,23,39,46,49
2143,23,40,45,49
2144,23,41,44,48
2145,23,42,45,47
2146,23,43,51,47
2147,23,44,51,46
2148,23,45,52,45
2149,23,46,55,45
2150,23,47,56,46
2151,24,1,102,310
2152,24,2,103,311
2153,24,3,104,310
2154,24,4,105,310
2155,24,5,106,311
2156,24,6,109,311
2157,24,7,110,312
2158,24,8,109,313
2159,24,9,108,313
2160,24,10,107,314
2161,24,11,106,315
2162,24,12,106,316
2163,24,13,105,317
2164,24,14,105,318
2165,24,15,104,319
2166,24,16,103,318
2167,24,17,102,319
2168,24,18,101,320
2169,24,19,98,320
2170,24,20,97,319
2171,24,21,98,318
2172,24,22,99,317
2173,24,23,99,315
2174,24,24,100,314
2175,24,25,100,312
2176,24,26,101,311
2177,25,27,114,310
2178,25,28,115,311
2179,25,29,118,311
2180,25,30,119,312
2181,25,31,120,313
2182,25,32,120,315
2183,25,33,119,316
2184,25,34,117,316
2185,25,35,116,317
2186,25,36,115,318
2187,25,37,114,319
2188,25,38,113,319
2189,25,39,112,320
2190,25,40,111,320
2191,25,41,110,319
2192,25,42,109,320
2193,25,43,108,320
2194,25,44,107,321
2195,25,45,106,320
2196,25,46,105,320
2197,25,47,104,319
2198,25,48,105,318
2199,25,49,106,318
2200,25,50,107,317
2201,25,51,108,317
2202,25,52,109,316
2203,25,53,110,315
2204,25,54,110,313
2205,25,55,111,312
2206,25,56,111,311
2207,25,57,112,310
2208,25,58,113,311
2209,26,59,43,328
2210,26,60,44,329
2211,26,61,44,330
2212,26,62,45,331
2213,26,63,44,332
2214,26,64,43,333
2215,26,65,42,332
2216,27,66,47,336
2217,27,67,48,337
2218,27,68,49,338
2219,27,69,50,339
2220,27,70,51,339
2221,27,71,52,340
2222,27,72,52,341
2223,27,73,53,342
2224,27,74,54,342
2225,27,75,55,343
2226,27,76,56,343
2227,27,77,57,344
2228,27,78,58,344
2229,27,79,59,345
2230,27,80,60,346
2231,27,81,61,347
2232,27,82,68,347
2233,27,83,69,348
2234,27,84,68,349
2235,27,85,67,350
2236,27,86,66,350
2237,27,87,65,349
2238,27,88,64,350
2239,27,89,63,351
2240,27,90,61,351
2241,27,91,60,352
2242,27,92,59,352
2243,27,93,58,351
2244,27,94,56,351
2245,27,95,55,350
2246,27,96,52,350
2247,27,97,51,351
2248,27,98,50,350
2249,27,99,45,350
2250,27,100,44,349
2251,27,101,43,349
2252,27,102,42,348
2253,27,103,42,335
2254,27,104,43,334
2255,27,105,44,335
2256,28,106,75,347
2257,28,107,78,347
2258,28,108,79,348
2259,28,109,78,349
2260,28,110,77,349
2261,28,111,76,350
2262,28,112,75,349
2263,28,113,74,350
2264,28,114,73,350
2265,28,115,72,349
2266,28,116,73,348
2267,28,117,74,347
2268,29,118,175,336
2269,29,119,178,336
2270,29,120,179,335
2271,29,121,180,335
2272,29,122,181,334
2273,29,123,182,334
2274,29,124,183,333
2275,29,125,185,333
2276,29,126,186,332
2277,29,127,186,331
2278,29,128,185,330
2279,29,129,184,330
2280,29,130,183,329
2281,29,131,183,328
2282,29,132,184,327
2283,29,133,184,326
2284,29,134,185,325
2285,29,135,186,325
2286,29,136,187,324
2287,29,137,189,324
2288,29,138,190,323
2289,29,139,192,323
2290,29,140,193,324
2291,29,141,193,325
2292,29,142,192,326
2293,29,143,192,327
2294,29,144,191,328
2295,29,145,190,329
2296,29,146,190,330
2297,29,147,189,331
2298,29,148,189,332
2299,29,149,188,333
2300,29,150,188,334
2301,29,151,187,335
2302,29,152,187,336
2303,29,153,186,337
2304,29,154,186,338
2305,29,155,185,339
2306,29,156,185,340
2307,29,157,184,341
2308,29,158,184,342
2309,29,159,183,343
2310,29,160,183,344
2311,29,161,182,345
2312,29,162,181,346
2313,29,163,181,347
2314,29,164,180,348
2315,29,165,180,349
2316,29,166,179,350
2317,29,167,179,351
2318,29,168,178,352
2319,29,169,178,353
2320,29,170,177,354
2321,29,171,177,355
2322,29,172,176,356
2323,29,173,176,357
2324,29,174,175,358
2325,29,175,174,357
2326,29,176,173,356
2327,29,177,173,355
2328,29,178,172,354
2329,29,179,171,353
2330,29,180,171,351
2331,29,181,170,350
2332,29,182,170,349
2333,29,183,169,348
2334,29,184,168,347
2335,29,185,168,346
2336,29,186,167,345
2337,29,187,167,343
2338,29,188,166,342
2339,29,189,166,341
2340,29,190,165,340
2341,29,191,165,339
2342,29,192,164,338
2343,29,193,165,337
2344,29,194,168,337
2345,29,195,169,336
2346,29,196,170,336
2347,29,197,171,337
2348,29,198,173,337
2349,29,199,174,336
2350,30,200,173,326
2351,30,201,174,326
2352,30,202,175,325
2353,30,203,176,325
2354,30,204,177,326
2355,30,205,177,328
2356,30,206,178,329
2357,30,207,178,332
2358,30,208,177,333
2359,30,209,176,334
2360,30,210,174,334
2361,30,211,173,333
2362,30,212,172,332
2363,30,213,171,331
2364,30,214,170,331
2365,30,215,169,330
2366,30,216,170,329
2367,30,217,171,329
2368,30,218,172,328
2369,31,219,161,306
2370,31,220,162,307
2371,31,221,163,308
2372,31,222,163,309
2373,31,223,164,310
2374,31,224,164,311
2375,31,225,165,312
2376,31,226,164,313
2377,31,227,165,314
2378,31,228,165,316
2379,31,229,164,317
2380,31,230,164,318
2381,31,231,165,319
2382,31,232,165,320
2383,31,233,164,321
2384,31,234,163,322
2385,31,235,163,323
2386,31,236,162,324
2387,31,237,162,325
2388,31,238,163,326
2389,31,239,163,327
2390,31,240,162,328
2391,31,241,161,328
2392,31,242,160,327
2393,31,243,159,328
2394,31,244,158,327
2395,31,245,158,326
2396,31,246,157,325
2397,31,247,157,323
2398,31,248,156,322
2399,31,249,156,321
2400,31,250,155,320
2401,31,251,154,319
2402,31,252,154,318
2403,31,253,153,317
2404,31,254,154,316
2405,31,255,155,316
2406,31,256,156,315
2407,31,257,157,314
2408,31,258,157,313
2409,31,259,158,312
2410,31,260,158,311
2411,31,261,157,310
2412,31,262,157,309
2413,31,263,156,308
2414,31,264,155,307
2415,31,265,154,306
2416,31,266,155,305
2417,31,267,155,302
2418,31,268,154,301
2419,31,269,154,300
2420,31,270,153,299
2421,31,271,154,298
2422,31,272,155,297
2423,31,273,155,296
2424,31,274,154,295
2425,31,275,155,294
2426,31,276,156,293
2427,31,277,157,292
2428,31,278,156,291
2429,31,279,157,290
2430,31,280,158,289
2431,31,281,159,289
2432,31,282,160,288
2433,31,283,161,287
2434,31,284,162,286
2435,31,285,163,285
2436,31,286,164,285
2437,31,287,165,286
2438,31,288,164,287
2439,31,289,163,288
2440,31,290,162,289
2441,31,291,161,290
2442,31,292,160,291
2443,31,293,159,292
2444,31,294,159,294
2445,31,295,158,295
2446,31,296,157,296
2447,31,297,157,298
2448,31,298,156,299
2449,31,299,157,300
2450,31,300,157,301
2451,31,301,158,302
2452,31,302,159,302
2453,31,303,160,303
2454,31,304,160,304
2455,31,305,161,305
2456,32,306,154,306
2457,32,307,155,307
2458,32,308,156,308
2459,32,309,156,309
2460,32,310,157,310
2461,32,311,158,311
2462,32,312,158,312
2463,32,313,157,313
2464,32,314,156,314
2465,32,315,154,314
2466,32,316,153,313
2467,32,317,152,313
2468,32,318,151,312
2469,32,319,151,311
2470,32,320,152,310
2471,32,321,152,307
2472,32,322,151,306
2473,32,323,150,305
2474,32,324,151,304
2475,32,325,152,304
2476,32,326,153,305
2477,33,327,187,252
2478,33,328,190,252
2479,33,329,191,253
2480,33,330,192,254
2481,33,331,193,255
2482,33,332,193,256
2483,33,333,192,257
2484,33,334,189,257
2485,33,335,188,256
2486,33,336,185,256
2487,33,337,184,257
2488,33,338,183,257
2489,33,339,182,256
2490,33,340,181,255
2491,33,341,180,254
2492,33,342,179,253
2493,33,343,180,252
2494,34,344,207,277
2495,34,345,208,276
2496,34,346,208,275
2497,34,347,209,274
2498,34,348,208,273
2499,34,349,208,272
2500,34,350,209,271
2501,34,351,210,271
2502,34,352,211,272
2503,34,353,211,275
2504,34,354,210,276
2505,34,355,210,279
2506,34,356,209,280
2507,34,357,208,280
2508,34,358,207,279
2509,34,359,206,280
2510,34,360,205,281
2511,34,361,204,281
2512,34,362,203,280
2513,34,363,203,279
2514,34,364,204,278
2515,34,365,205,278
2516,34,366,206,277
2517,1,28,117,135
2518,1,29,121,135
2519,1,30,122,136
2520,1,31,123,136
2521,1,32,124,137
2522,1,33,125,138
2523,1,34,125,139
2524,1,35,126,140
2525,1,36,126,144
2526,1,37,125,145
2527,1,38,125,146
2528,1,39,124,147
2529,1,40,123,148
2530,1,41,122,148
2531,1,42,121,149
2532,1,43,117,149
2533,1,44,116,148
2534,1,45,115,148
2535,1,46,114,147
2536,1,47,113,146
2537,1,48,113,145
2538,1,49,112,144
2539,1,50,112,140
2540,1,51,113,139
2541,1,52,113,138
2542,1,53,114,137
2543,1,54,115,136
2544,1,55,116,136
2545,1,56,117,135
2546,1,57,113,131
2547,1,58,114,130
2548,1,59,116,130
2549,1,60,117,129
2550,1,61,121,129
2551,1,62,122,130
2552,1,63,124,130
2553,1,64,125,131
2554,1,65,126,131
2555,1,66,127,132
2556,1,67,128,133
2557,1,68,129,134
2558,1,69,130,135
2559,1,70,130,136
2560,1,71,131,137
2561,1,72,131,139
2562,1,73,132,140
2563,1,74,132,144
2564,1,75,131,145
2565,1,76,131,147
2566,1,77,130,148
2567,1,78,130,149
2568,1,79,129,150
2569,1,80,128,151
2570,1,81,127,152
2571,1,82,126,153
2572,1,83,125,153
2573,1,84,124,154
2574,1,85,122,154
2575,1,86,121,155
2576,1,87,117,155
2577,1,88,116,154
2578,1,89,114,154
2579,1,90,113,153
2580,1,91,112,153
2581,1,92,111,152
2582,1,93,110,151
2583,1,94,109,150
2584,1,95,108,149
2585,1,96,108,148
2586,1,97,107,147
2587,1,98,107,145
2588,1,99,106,144
2589,1,100,106,140
2590,1,101,107,139
2591,1,102,107,137
2592,1,103,108,136
2593,1,104,108,135
2594,1,105,109,134
2595,1,106,110,133
2596,1,107,111,132
2597,1,108,112,131
