vot_proCodigoProvincia,vot_depCodigoDepartamento,vot_munCodigoMunicipio,vot_parCodigo,ordenPartidos,votVotosPartido,votPorcenVotos,votCandidatos
"01","001","999","0008",20,197,1.59999996e-01,0
"01","001","999","0060",23,128,1.09999999e-01,0
"01","001","999","0063",10,1133,9.30000007e-01,0
"01","001","999","0068",13,459,3.79999995e-01,0
"01","001","999","0187",7,2916,2.40000010e+00,0
"01","001","999","0234",12,610,5.00000000e-01,0
"01","001","999","0262",19,214,1.80000007e-01,0
"01","001","999","0501",3,22485,1.85200005e+01,0
"01","001","999","0502",2,27034,2.22700005e+01,0
"01","001","999","0503",1,43098,3.55000000e+01,0
"01","001","999","0505",5,5841,4.80999994e+00,0
"01","001","999","0506",8,2040,1.67999995e+00,0
"01","001","999","0542",6,5654,4.65999985e+00,0
"01","001","999","0551",21,194,1.59999996e-01,0
"01","001","999","0552",15,332,2.70000011e-01,0
"01","001","999","0553",18,235,1.89999998e-01,0
"01","001","999","0554",4,5879,4.84000015e+00,0
"01","001","999","0555",24,0,0.00000000e+00,0
"01","001","999","0556",17,267,2.19999999e-01,0
"01","001","999","0557",11,631,5.19999981e-01,0
"01","001","999","0558",9,1183,9.70000029e-01,0
"01","001","999","0559",22,129,1.09999999e-01,0
"01","001","999","0560",14,430,3.60000014e-01,0
"01","001","999","0561",16,321,2.59999990e-01,0
"01","002","999","0008",18,107,1.00000001e-01,0
"01","002","999","0060",23,44,3.99999991e-02,0
"01","002","999","0063",11,579,5.69999993e-01,0
"01","002","999","0068",15,193,1.89999998e-01,0
"01","002","999","0187",7,1721,1.69000006e+00,0
"01","002","999","0234",13,286,2.80000001e-01,0
"01","002","999","0262",20,92,9.00000036e-02,0
"01","002","999","0501",3,10424,1.02100000e+01,0
"01","002","999","0502",2,28907,2.83199997e+01,0
"01","002","999","0503",1,42380,4.15200005e+01,0
"01","002","999","0505",5,3321,3.25000000e+00,0
"01","002","999","0506",9,1246,1.22000003e+00,0
"01","002","999","0542",6,2306,2.25999999e+00,0
"01","002","999","0551",22,58,5.99999987e-02,0
"01","002","999","0552",21,89,9.00000036e-02,0
"01","002","999","0553",17,138,1.40000001e-01,0
"01","002","999","0554",4,7200,7.05000019e+00,0
"01","002","999","0555",24,0,0.00000000e+00,0
"01","002","999","0556",16,147,1.40000001e-01,0
"01","002","999","0557",10,683,6.70000017e-01,0
"01","002","999","0558",8,1372,1.34000003e+00,0
"01","002","999","0559",19,94,9.00000036e-02,0
"01","002","999","0560",12,414,4.09999996e-01,0
"01","002","999","0561",14,279,2.70000011e-01,0
"01","003","999","0008",20,211,1.80000007e-01,0
"01","003","999","0060",23,115,1.00000001e-01,0
"01","003","999","0063",10,926,8.10000002e-01,0
"01","003","999","0068",12,464,4.00000006e-01,0
"01","003","999","0187",7,3294,2.86999989e+00,0
"01","003","999","0234",11,650,5.69999993e-01,0
"01","003","999","0262",21,171,1.50000006e-01,0
"01","003","999","0501",3,21899,1.90799999e+01,0
"01","003","999","0502",2,26737,2.32999992e+01,0
"01","003","999","0503",1,35896,3.12800007e+01,0
"01","003","999","0505",4,6870,5.98999977e+00,0
"01","003","999","0506",8,2524,2.20000005e+00,0
"01","003","999","0542",5,5776,5.03000021e+00,0
"01","003","999","0551",22,156,1.40000001e-01,0
"01","003","999","0552",14,385,3.40000004e-01,0
"01","003","999","0553",17,271,2.39999995e-01,0
"01","003","999","0554",6,5758,5.01999998e+00,0
"01","003","999","0555",24,0,0.00000000e+00,0
"01","003","999","0556",19,226,2.00000003e-01,0
"01","003","999","0557",13,409,3.60000014e-01,0
"01","003","999","0558",9,1138,9.90000010e-01,0
"01","003","999","0559",16,274,2.39999995e-01,0
"01","003","999","0560",15,350,2.80000001e-01,0
"01","003","999","0561",18,264,2.30000004e-01,0
"01","004","999","0008",19,253,2.00000003e-01,0
"01","004","999","0060",22,166,1.29999995e-01,0
"01","004","999","0063",9,1011,8.00000012e-01,0
"01","004","999","0068",12,661,5.19999981e-01,0
"01","004","999","0187",7,3087,2.43000007e+00,0
"01","004","999","0234",10,826,6.49999976e-01,0
"01","004","999","0262",21,236,1.89999998e-01,0
"01","004","999","0501",2,27278,2.14899998e+01,0
"01","004","999","0502",3,24280,1.91200008e+01,0
"01","004","999","0503",1,43208,3.40299988e+01,0
"01","004","999","0505",5,7631,6.01000023e+00,0
"01","004","999","0506",8,2259,1.77999997e+00,0
"01","004","999","0542",4,7789,6.13999987e+00,0
"01","004","999","0551",20,238,1.89999998e-01,0
"01","004","999","0552",13,596,4.69999999e-01,0
"01","004","999","0553",18,311,2.39999995e-01,0
"01","004","999","0554",6,4704,3.71000004e+00,0
"01","004","999","0555",24,0,0.00000000e+00,0
"01","004","999","0556",17,326,2.59999990e-01,0
"01","004","999","0557",14,441,3.49999994e-01,0
"01","004","999","0558",11,800,6.29999995e-01,0
"01","004","999","0559",23,148,1.19999997e-01,0
"01","004","999","0560",15,384,2.80000001e-01,0
"01","004","999","0561",16,327,2.59999990e-01,0
"01","005","999","0008",20,153,1.29999995e-01,0
"01","005","999","0060",23,104,9.00000036e-02,0
"01","005","999","0063",10,737,6.39999986e-01,0
"01","005","999","0068",12,462,4.00000006e-01,0
"01","005","999","0187",7,3816,3.29999995e+00,0
"01","005","999","0234",11,594,5.09999990e-01,0
"01","005","999","0262",18,177,1.50000006e-01,0
"01","005","999","0501",3,21671,1.87399998e+01,0
"01","005","999","0502",2,29063,2.51299992e+01,0
"01","005","999","0503",1,33436,2.89099998e+01,0
"01","005","999","0505",5,6532,5.65000010e+00,0
"01","005","999","0506",8,2974,2.56999993e+00,0
"01","005","999","0542",6,5419,4.69000006e+00,0
"01","005","999","0551",21,121,1.00000001e-01,0
"01","005","999","0552",15,319,2.80000001e-01,0
"01","005","999","0553",17,218,1.89999998e-01,0
"01","005","999","0554",4,7246,6.26999998e+00,0
"01","005","999","0555",24,0,0.00000000e+00,0
"01","005","999","0556",19,159,1.40000001e-01,0
"01","005","999","0557",14,359,3.10000002e-01,0
"01","005","999","0558",9,1327,1.14999998e+00,0
"01","005","999","0559",22,119,1.00000001e-01,0
"01","005","999","0560",16,266,2.19999999e-01,0
"01","005","999","0561",13,380,3.30000013e-01,0
"01","006","999","0008",19,140,1.19999997e-01,0
"01","006","999","0060",23,73,5.99999987e-02,0
"01","006","999","0063",10,614,5.09999990e-01,0
"01","006","999","0068",13,370,3.10000002e-01,0
"01","006","999","0187",7,3877,3.24000001e+00,0
"01","006","999","0234",11,505,4.19999987e-01,0
"01","006","999","0262",20,137,1.09999999e-01,0
"01","006","999","0501",3,18921,1.58199997e+01,0
"01","006","999","0502",2,33303,2.78400002e+01,0
"01","006","999","0503",1,35926,3.00300007e+01,0
"01","006","999","0505",5,5752,4.80999994e+00,0
"01","006","999","0506",8,2979,2.49000001e+00,0
"01","006","999","0542",6,4335,3.61999989e+00,0
"01","006","999","0551",21,96,7.99999982e-02,0
"01","006","999","0552",17,191,1.59999996e-01,0
"01","006","999","0553",15,241,2.00000003e-01,0
"01","006","999","0554",4,9470,7.92000008e+00,0
"01","006","999","0555",24,0,0.00000000e+00,0
"01","006","999","0556",18,146,1.19999997e-01,0
"01","006","999","0557",12,373,3.10000002e-01,0
"01","006","999","0558",9,1533,1.27999997e+00,0
"01","006","999","0559",22,74,5.99999987e-02,0
"01","006","999","0560",16,230,2.09999993e-01,0
"01","006","999","0561",14,340,2.80000001e-01,0
"01","007","999","0008",19,231,1.80000007e-01,0
"01","007","999","0060",23,110,9.00000036e-02,0
"01","007","999","0063",10,906,7.20000029e-01,0
"01","007","999","0068",12,488,3.89999986e-01,0
"01","007","999","0187",7,3774,2.98000002e+00,0
"01","007","999","0234",11,645,5.09999990e-01,0
"01","007","999","0262",20,222,1.80000007e-01,0
"01","007","999","0501",3,23872,1.88500004e+01,0
"01","007","999","0502",2,31161,2.46100006e+01,0
"01","007","999","0503",1,38992,3.07900009e+01,0
"01","007","999","0505",5,6403,5.05999994e+00,0
"01","007","999","0506",8,2971,2.34999990e+00,0
"01","007","999","0542",6,5700,4.50000000e+00,0
"01","007","999","0551",21,199,1.59999996e-01,0
"01","007","999","0552",13,424,3.30000013e-01,0
"01","007","999","0553",16,327,2.59999990e-01,0
"01","007","999","0554",4,7643,6.03999996e+00,0
"01","007","999","0555",24,0,0.00000000e+00,0
"01","007","999","0556",18,243,1.89999998e-01,0
"01","007","999","0557",14,363,2.89999992e-01,0
"01","007","999","0558",9,1102,8.70000005e-01,0
"01","007","999","0559",22,191,1.50000006e-01,0
"01","007","999","0560",15,350,2.50000000e-01,0
"01","007","999","0561",17,320,2.50000000e-01,0
"01","008","999","0008",20,188,1.89999998e-01,0
"01","008","999","0060",22,179,1.80000007e-01,0
"01","008","999","0063",9,1101,1.10000002e+00,0
"01","008","999","0068",13,470,4.69999999e-01,0
"01","008","999","0187",7,2180,2.19000006e+00,0
"01","008","999","0234",12,567,5.69999993e-01,0
"01","008","999","0262",19,199,2.00000003e-01,0
"01","008","999","0501",2,24157,2.42299995e+01,0
"01","008","999","0502",3,16604,1.66599998e+01,0
"01","008","999","0503",1,34394,3.45000000e+01,0
"01","008","999","0505",5,5211,5.23000002e+00,0
"01","008","999","0506",8,1335,1.34000003e+00,0
"01","008","999","0542",4,6905,6.92999983e+00,0
"01","008","999","0551",21,183,1.80000007e-01,0
"01","008","999","0552",10,944,9.49999988e-01,0
"01","008","999","0553",17,212,2.09999993e-01,0
"01","008","999","0554",6,3048,3.05999994e+00,0
"01","008","999","0555",24,0,0.00000000e+00,0
"01","008","999","0556",18,201,2.00000003e-01,0
"01","008","999","0557",14,344,3.49999994e-01,0
"01","008","999","0558",11,576,5.79999983e-01,0
"01","008","999","0559",23,162,1.59999996e-01,0
"01","008","999","0560",15,307,3.00000012e-01,0
"01","008","999","0561",16,216,2.19999999e-01,0
"01","009","999","0008",20,173,1.59999996e-01,0
"01","009","999","0060",23,104,9.00000036e-02,0
"01","009","999","0063",9,1006,9.10000026e-01,0
"01","009","999","0068",11,580,5.19999981e-01,0
"01","009","999","0187",7,3223,2.91000009e+00,0
"01","009","999","0234",12,570,5.09999990e-01,0
"01","009","999","0262",18,198,1.80000007e-01,0
"01","009","999","0501",3,22167,1.99799995e+01,0
"01","009","999","0502",2,25801,2.32600002e+01,0
"01","009","999","0503",1,36547,3.29500008e+01,0
"01","009","999","0505",4,5771,5.19999981e+00,0
"01","009","999","0506",8,2061,1.86000001e+00,0
"01","009","999","0542",5,5466,4.92999983e+00,0
"01","009","999","0551",21,171,1.50000006e-01,0
"01","009","999","0552",14,286,2.59999990e-01,0
"01","009","999","0553",16,234,2.09999993e-01,0
"01","009","999","0554",6,4634,4.17999983e+00,0
"01","009","999","0555",24,0,0.00000000e+00,0
"01","009","999","0556",19,180,1.59999996e-01,0
"01","009","999","0557",13,310,2.80000001e-01,0
"01","009","999","0558",10,809,7.30000019e-01,0
"01","009","999","0559",22,133,1.19999997e-01,0
"01","009","999","0560",15,286,2.59999990e-01,0
"01","009","999","0561",17,213,1.89999998e-01,0
"01","010","999","0008",20,156,1.40000001e-01,0
"01","010","999","0060",22,108,1.00000001e-01,0
"01","010","999","0063",10,844,7.59999990e-01,0
"01","010","999","0068",11,547,4.90000010e-01,0
"01","010","999","0187",7,3762,3.38000011e+00,0
"01","010","999","0234",12,459,4.09999996e-01,0
"01","010","999","0262",19,187,1.70000002e-01,0
"01","010","999","0501",3,19809,1.77800007e+01,0
"01","010","999","0502",2,28894,2.59300003e+01,0
"01","010","999","0503",1,34670,3.11100006e+01,0
"01","010","999","0505",5,5957,5.34999990e+00,0
"01","010","999","0506",8,2186,1.96000004e+00,0
"01","010","999","0542",6,4830,4.32999992e+00,0
"01","010","999","0551",21,125,1.09999999e-01,0
"01","010","999","0552",17,202,1.80000007e-01,0
"01","010","999","0553",13,309,2.80000001e-01,0
"01","010","999","0554",4,6243,5.59999990e+00,0
"01","010","999","0555",24,0,0.00000000e+00,0
"01","010","999","0556",18,193,1.70000002e-01,0
"01","010","999","0557",14,277,2.50000000e-01,0
"01","010","999","0558",9,1064,9.49999988e-01,0
"01","010","999","0559",23,104,9.00000036e-02,0
"01","010","999","0560",15,259,2.30000004e-01,0
"01","010","999","0561",16,251,2.30000004e-01,0
"01","011","999","0008",20,147,1.19999997e-01,0
"01","011","999","0060",23,86,7.00000003e-02,0
"01","011","999","0063",10,825,6.49999976e-01,0
"01","011","999","0068",12,510,4.00000006e-01,0
"01","011","999","0187",7,4186,3.30999994e+00,0
"01","011","999","0234",11,529,4.19999987e-01,0
"01","011","999","0262",19,166,1.29999995e-01,0
"01","011","999","0501",3,20850,1.64899998e+01,0
"01","011","999","0502",2,33931,2.68299999e+01,0
"01","011","999","0503",1,40191,3.17800007e+01,0
"01","011","999","0505",5,6299,4.98000002e+00,0
"01","011","999","0506",8,2397,1.89999998e+00,0
"01","011","999","0542",6,4646,3.67000008e+00,0
"01","011","999","0551",21,114,9.00000036e-02,0
"01","011","999","0552",17,240,1.89999998e-01,0
"01","011","999","0553",15,307,2.39999995e-01,0
"01","011","999","0554",4,8386,6.63000011e+00,0
"01","011","999","0555",24,0,0.00000000e+00,0
"01","011","999","0556",18,179,1.40000001e-01,0
"01","011","999","0557",13,337,2.70000011e-01,0
"01","011","999","0558",9,1406,1.11000001e+00,0
"01","011","999","0559",22,100,7.99999982e-02,0
"01","011","999","0560",16,295,2.39999995e-01,0
"01","011","999","0561",14,326,2.59999990e-01,0
"01","012","999","0008",19,188,1.40000001e-01,0
"01","012","999","0060",22,104,7.99999982e-02,0
"01","012","999","0063",10,974,7.09999979e-01,0
"01","012","999","0068",12,472,3.40000004e-01,0
"01","012","999","0187",7,4053,2.94000006e+00,0
"01","012","999","0234",11,522,3.79999995e-01,0
"01","012","999","0262",20,167,1.19999997e-01,0
"01","012","999","0501",3,22179,1.60900002e+01,0
"01","012","999","0502",2,35077,2.54400005e+01,0
"01","012","999","0503",1,47518,3.44700012e+01,0
"01","012","999","0505",5,6948,5.03999996e+00,0
"01","012","999","0506",8,2401,1.74000001e+00,0
"01","012","999","0542",6,4951,3.58999991e+00,0
"01","012","999","0551",23,95,7.00000003e-02,0
"01","012","999","0552",17,227,1.59999996e-01,0
"01","012","999","0553",16,344,2.50000000e-01,0
"01","012","999","0554",4,8309,6.03000021e+00,0
"01","012","999","0555",24,0,0.00000000e+00,0
"01","012","999","0556",18,223,1.59999996e-01,0
"01","012","999","0557",13,428,3.10000002e-01,0
"01","012","999","0558",9,1874,1.36000001e+00,0
"01","012","999","0559",21,111,7.99999982e-02,0
"01","012","999","0560",14,354,2.50000000e-01,0
"01","012","999","0561",15,350,2.50000000e-01,0
"01","013","999","0008",17,231,1.50000006e-01,0
"01","013","999","0060",23,76,5.00000007e-02,0
"01","013","999","0063",10,955,6.10000014e-01,0
"01","013","999","0068",15,296,1.89999998e-01,0
"01","013","999","0187",7,3420,2.18000007e+00,0
"01","013","999","0234",13,476,3.00000012e-01,0
"01","013","999","0262",20,149,9.00000036e-02,0
"01","013","999","0501",3,18444,1.17500000e+01,0
"01","013","999","0502",2,43358,2.76299992e+01,0
"01","013","999","0503",1,60306,3.84199982e+01,0
"01","013","999","0505",5,5864,3.74000001e+00,0
"01","013","999","0506",9,2464,1.57000005e+00,0
"01","013","999","0542",6,3897,2.48000002e+00,0
"01","013","999","0551",22,87,5.99999987e-02,0
"01","013","999","0552",18,196,1.19999997e-01,0
"01","013","999","0553",16,283,1.80000007e-01,0
"01","013","999","0554",4,11669,7.42999983e+00,0
"01","013","999","0555",24,0,0.00000000e+00,0
"01","013","999","0556",19,162,1.00000001e-01,0
"01","013","999","0557",11,689,4.39999998e-01,0
"01","013","999","0558",8,2906,1.85000002e+00,0
"01","013","999","0559",21,142,9.00000036e-02,0
"01","013","999","0560",14,400,2.59999990e-01,0
"01","013","999","0561",12,482,3.10000002e-01,0
"01","014","999","0008",16,270,1.80000007e-01,0
"01","014","999","0060",22,71,5.00000007e-02,0
"01","014","999","0063",10,786,5.19999981e-01,0
"01","014","999","0068",15,332,2.19999999e-01,0
"01","014","999","0187",7,3133,2.06999993e+00,0
"01","014","999","0234",12,458,3.00000012e-01,0
"01","014","999","0262",21,123,7.99999982e-02,0
"01","014","999","0501",3,19215,1.27200003e+01,0
"01","014","999","0502",2,41521,2.74899998e+01,0
"01","014","999","0503",1,56859,3.76399994e+01,0
"01","014","999","0505",5,5849,3.86999989e+00,0
"01","014","999","0506",9,2415,1.60000002e+00,0
"01","014","999","0542",6,4171,2.75999999e+00,0
"01","014","999","0551",23,69,5.00000007e-02,0
"01","014","999","0552",17,234,1.50000006e-01,0
"01","014","999","0553",18,211,1.40000001e-01,0
"01","014","999","0554",4,10784,7.13999987e+00,0
"01","014","999","0555",24,0,0.00000000e+00,0
"01","014","999","0556",20,144,1.00000001e-01,0
"01","014","999","0557",11,776,5.09999990e-01,0
"01","014","999","0558",8,2574,1.70000005e+00,0
"01","014","999","0559",19,184,1.19999997e-01,0
"01","014","999","0560",13,435,3.00000012e-01,0
"01","014","999","0561",14,433,2.89999992e-01,0
"01","015","999","0008",20,168,1.40000001e-01,0
"01","015","999","0060",23,98,7.99999982e-02,0
"01","015","999","0063",10,685,5.69999993e-01,0
"01","015","999","0068",12,468,3.89999986e-01,0
"01","015","999","0187",7,4617,3.85999990e+00,0
"01","015","999","0234",11,647,5.40000021e-01,0
"01","015","999","0262",18,195,1.59999996e-01,0
"01","015","999","0501",3,22047,1.84099998e+01,0
"01","015","999","0502",2,28683,2.39500008e+01,0
"01","015","999","0503",1,35075,2.92900009e+01,0
"01","015","999","0505",5,7064,5.90000010e+00,0
"01","015","999","0506",8,2995,2.50000000e+00,0
"01","015","999","0542",6,6035,5.03999996e+00,0
"01","015","999","0551",21,151,1.29999995e-01,0
"01","015","999","0552",15,288,2.39999995e-01,0
"01","015","999","0553",17,204,1.70000002e-01,0
"01","015","999","0554",4,7258,6.05999994e+00,0
"01","015","999","0555",24,0,0.00000000e+00,0
"01","015","999","0556",19,182,1.50000006e-01,0
"01","015","999","0557",14,341,2.80000001e-01,0
"01","015","999","0558",9,1704,1.41999996e+00,0
"01","015","999","0559",22,129,1.09999999e-01,0
"01","015","999","0560",16,282,2.50000000e-01,0
"01","015","999","0561",13,428,3.60000014e-01,0
"01","999","999","0008",19,2813,1.50000006e-01,0
"01","999","999","0060",23,1566,9.00000036e-02,0
"01","999","999","0063",10,13082,7.09999979e-01,0
"01","999","999","0068",12,6772,3.70000005e-01,0
"01","999","999","0187",7,51059,2.76999998e+00,0
"01","999","999","0234",11,8344,4.49999988e-01,0
"01","999","999","0262",20,2633,1.40000001e-01,0
"01","999","999","0501",3,315418,1.71299992e+01,6
"01","999","999","0502",2,454354,2.46800003e+01,8
"01","999","999","0503",1,618496,3.35900002e+01,12
"01","999","999","0505",5,91313,4.96000004e+00,1
"01","999","999","0506",8,35247,1.90999997e+00,0
"01","999","999","0542",6,77880,4.23000002e+00,1
"01","999","999","0551",22,2057,1.09999999e-01,0
"01","999","999","0552",15,4953,2.70000011e-01,0
"01","999","999","0553",17,3845,2.09999993e-01,0
"01","999","999","0554",4,108231,5.88000011e+00,2
"01","999","999","0555",24,0,0.00000000e+00,0
"01","999","999","0556",18,2978,1.59999996e-01,0
"01","999","999","0557",13,6761,3.70000005e-01,0
"01","999","999","0558",9,21368,1.15999997e+00,0
"01","999","999","0559",21,2094,1.09999999e-01,0
"01","999","999","0560",14,5042,2.80000001e-01,0
"01","999","999","0561",16,4930,2.70000011e-01,0
"02","001","999","0501",2,3116,3.14099998e+01,0
"02","001","999","0505",5,165,1.65999997e+00,0
"02","001","999","0507",4,901,9.07999992e+00,0
"02","001","999","0510",3,2426,2.44599991e+01,0
"02","001","999","0513",6,104,1.04999995e+00,0
"02","001","999","0514",1,3207,3.23400002e+01,0
"02","003","999","0501",2,98147,3.27900009e+01,0
"02","003","999","0505",4,17828,5.96000004e+00,0
"02","003","999","0507",5,11904,3.98000002e+00,0
"02","003","999","0510",1,144621,4.83100014e+01,0
"02","003","999","0511",6,2762,9.20000017e-01,0
"02","003","999","0514",3,24081,8.03999996e+00,0
"02","004","999","0501",2,74839,3.63199997e+01,0
"02","004","999","0505",4,13851,6.71999979e+00,0
"02","004","999","0507",5,8024,3.89000010e+00,0
"02","004","999","0510",1,82320,3.99500008e+01,0
"02","004","999","0511",6,2967,1.45000005e+00,0
"02","004","999","0514",3,24036,1.16700001e+01,0
"02","007","999","0501",1,49256,2.96000004e+01,0
"02","007","999","0505",5,13767,8.27000046e+00,0
"02","007","999","0507",2,42637,2.56200008e+01,0
"02","007","999","0510",3,39249,2.35900002e+01,0
"02","007","999","0513",6,1779,1.07000005e+00,0
"02","007","999","0514",4,19722,1.18500004e+01,0
"02","009","999","0501",2,4806,2.57299995e+01,0
"02","009","999","0505",5,639,3.42000008e+00,0
"02","009","999","0507",4,833,4.46000004e+00,0
"02","009","999","0510",1,7834,4.19399986e+01,0
"02","009","999","0511",7,110,5.89999974e-01,0
"02","009","999","0513",6,189,1.00999999e+00,0
"02","009","999","0514",3,4269,2.28500004e+01,0
"02","010","999","0501",2,5228,2.96800003e+01,0
"02","010","999","0505",6,244,1.38999999e+00,0
"02","010","999","0507",4,1092,6.19999981e+00,0
"02","010","999","0510",1,6574,3.73199997e+01,0
"02","010","999","0511",7,134,7.59999990e-01,0
"02","010","999","0513",5,430,2.44000006e+00,0
"02","010","999","0514",3,3913,2.22099991e+01,0
"02","011","999","0501",1,102816,5.83100014e+01,0
"02","011","999","0505",4,8954,5.07999992e+00,0
"02","011","999","0507",5,7165,4.05999994e+00,0
"02","011","999","0510",2,43712,2.47900009e+01,0
"02","011","999","0511",6,1895,1.08000004e+00,0
"02","011","999","0514",3,11775,6.67999983e+00,0
"02","012","999","0501",2,14968,2.89099998e+01,0
"02","012","999","0505",4,3477,6.71999979e+00,0
"02","012","999","0507",5,3334,6.44000006e+00,0
"02","012","999","0510",1,21522,4.15699997e+01,0
"02","012","999","0511",6,971,1.88000000e+00,0
"02","012","999","0514",3,7497,1.44799995e+01,0
"02","015","999","0501",1,4881,3.40900002e+01,0
"02","015","999","0505",5,520,3.63000011e+00,0
"02","015","999","0507",4,675,4.71000004e+00,0
"02","015","999","0510",2,4677,3.26699982e+01,0
"02","015","999","0511",6,133,9.39999998e-01,0
"02","015","999","0514",3,3431,2.39599991e+01,0
"02","017","999","0501",2,9800,3.69099998e+01,0
"02","017","999","0505",5,943,3.54999995e+00,0
"02","017","999","0507",4,997,3.75000000e+00,0
"02","017","999","0510",1,10981,4.13600006e+01,0
"02","017","999","0511",6,248,9.30000007e-01,0
"02","017","999","0514",3,3584,1.35000000e+01,0
"02","018","999","0501",2,2460,3.00900002e+01,0
"02","018","999","0505",7,126,1.53999996e+00,0
"02","018","999","0507",5,339,4.15000010e+00,0
"02","018","999","0510",1,2580,3.15599995e+01,0
"02","018","999","0511",4,639,7.80999994e+00,0
"02","018","999","0513",6,130,1.59000003e+00,0
"02","018","999","0514",3,1902,2.32600002e+01,0
"02","021","999","0501",1,3803,4.41899986e+01,0
"02","021","999","0505",5,102,1.19000006e+00,0
"02","021","999","0507",4,290,3.36999989e+00,0
"02","021","999","0510",2,2946,3.42299995e+01,0
"02","021","999","0511",7,34,3.89999986e-01,0
"02","021","999","0513",6,87,1.00999999e+00,0
"02","021","999","0514",3,1344,1.56199999e+01,0
"02","022","999","0501",1,6498,3.77000008e+01,0
"02","022","999","0505",5,403,2.33999991e+00,0
"02","022","999","0507",3,2990,1.73500004e+01,0
"02","022","999","0510",2,5291,3.07000008e+01,0
"02","022","999","0513",6,225,1.30999994e+00,0
"02","022","999","0514",4,1827,1.06000004e+01,0
"02","024","999","0501",1,4332,3.11000004e+01,0
"02","024","999","0505",6,376,2.70000005e+00,0
"02","024","999","0507",5,483,3.47000003e+00,0
"02","024","999","0510",3,3067,2.20200005e+01,0
"02","024","999","0511",7,158,1.12000000e+00,0
"02","024","999","0513",4,2096,1.50500002e+01,0
"02","024","999","0514",2,3419,2.45400009e+01,0
"02","025","999","0501",2,1918,2.33299999e+01,0
"02","025","999","0505",5,197,2.40000010e+00,0
"02","025","999","0507",3,1588,1.93199997e+01,0
"02","025","999","0510",4,1583,1.92600002e+01,0
"02","025","999","0513",6,97,1.17999995e+00,0
"02","025","999","0514",1,2837,3.45099983e+01,0
"02","026","999","0501",2,3554,2.61399994e+01,0
"02","026","999","0505",5,492,3.61999989e+00,0
"02","026","999","0507",4,1533,1.12799997e+01,0
"02","026","999","0510",1,4973,3.65800018e+01,0
"02","026","999","0513",6,279,2.04999995e+00,0
"02","026","999","0514",3,2765,2.03299999e+01,0
"02","027","999","0501",3,6994,2.27000008e+01,0
"02","027","999","0505",5,1058,3.43000007e+00,0
"02","027","999","0507",2,9319,3.02399998e+01,0
"02","027","999","0510",1,9366,3.03899994e+01,0
"02","027","999","0513",6,555,1.79999995e+00,0
"02","027","999","0514",4,3525,1.14399996e+01,0
"02","028","999","0501",1,8355,3.62200012e+01,0
"02","028","999","0505",5,779,3.38000011e+00,0
"02","028","999","0507",4,1802,7.80999994e+00,0
"02","028","999","0510",2,7710,3.34199982e+01,0
"02","028","999","0513",6,374,1.62000000e+00,0
"02","028","999","0514",3,4047,1.75499992e+01,0
"02","032","999","0501",2,2639,2.42999992e+01,0
"02","032","999","0505",6,151,1.38999999e+00,0
"02","032","999","0507",4,438,4.03000021e+00,0
"02","032","999","0510",3,2299,2.11700001e+01,0
"02","032","999","0513",5,232,2.14000010e+00,0
"02","032","999","0514",1,5100,4.69700012e+01,0
"02","034","999","0501",1,13705,3.82900009e+01,0
"02","034","999","0505",4,2907,8.11999989e+00,0
"02","034","999","0507",5,2217,6.19000006e+00,0
"02","034","999","0510",2,12904,3.60600014e+01,0
"02","034","999","0511",6,653,1.83000004e+00,0
"02","034","999","0514",3,3403,9.51000023e+00,0
"02","036","999","0501",2,55351,3.84399986e+01,0
"02","036","999","0505",4,7843,5.44999981e+00,0
"02","036","999","0507",5,7189,4.98999977e+00,0
"02","036","999","0510",1,60187,4.17999992e+01,0
"02","036","999","0511",6,2021,1.39999998e+00,0
"02","036","999","0514",3,11408,7.92000008e+00,0
"02","037","999","0501",2,4314,2.62299995e+01,0
"02","037","999","0505",5,497,3.01999998e+00,0
"02","037","999","0507",4,1025,6.23000002e+00,0
"02","037","999","0510",1,8124,4.94000015e+01,0
"02","037","999","0511",7,108,6.60000026e-01,0
"02","037","999","0513",6,208,1.25999999e+00,0
"02","037","999","0514",3,2171,1.31999998e+01,0
"02","038","999","0501",1,93720,4.80000000e+01,0
"02","038","999","0505",4,9029,4.61999989e+00,0
"02","038","999","0507",5,7928,4.05999994e+00,0
"02","038","999","0510",2,73380,3.75800018e+01,0
"02","038","999","0511",6,1848,9.59999979e-01,0
"02","038","999","0514",3,9334,4.78000021e+00,0
"02","044","999","0501",1,2764,3.86199989e+01,0
"02","044","999","0505",5,106,1.48000002e+00,0
"02","044","999","0507",4,167,2.32999992e+00,0
"02","044","999","0510",3,1271,1.77600002e+01,0
"02","044","999","0513",6,89,1.24000001e+00,0
"02","044","999","0514",2,2759,3.85699997e+01,0
"02","056","999","0501",1,2964,4.60999985e+01,0
"02","056","999","0505",5,170,2.64000010e+00,0
"02","056","999","0507",4,286,4.44999981e+00,0
"02","056","999","0510",2,1940,3.01700001e+01,0
"02","056","999","0513",6,88,1.37000000e+00,0
"02","056","999","0514",3,982,1.52700005e+01,0
"02","057","999","0501",1,3046,4.12599983e+01,0
"02","057","999","0505",5,108,1.46000004e+00,0
"02","057","999","0507",4,284,3.84999990e+00,0
"02","057","999","0510",3,971,1.31499996e+01,0
"02","057","999","0513",6,82,1.11000001e+00,0
"02","057","999","0514",2,2891,3.91699982e+01,0
"02","059","999","0501",2,4202,3.37099991e+01,0
"02","059","999","0505",5,473,3.78999996e+00,0
"02","059","999","0507",6,301,2.41000009e+00,0
"02","059","999","0510",1,4444,3.56500015e+01,0
"02","059","999","0513",4,1064,8.53999996e+00,0
"02","059","999","0514",3,1980,1.58999996e+01,0
"02","061","999","0501",1,299476,4.42299995e+01,0
"02","061","999","0505",4,36239,5.34999990e+00,0
"02","061","999","0507",5,28101,4.15000010e+00,0
"02","061","999","0510",2,264497,3.90699997e+01,0
"02","061","999","0511",6,6905,1.01999998e+00,0
"02","061","999","0514",3,41812,6.17999983e+00,0
"02","062","999","0501",2,87370,3.27900009e+01,0
"02","062","999","0505",4,17758,6.65999985e+00,0
"02","062","999","0507",5,11622,4.36000013e+00,0
"02","062","999","0510",1,121309,4.55299988e+01,0
"02","062","999","0511",6,3073,1.15999997e+00,0
"02","062","999","0514",3,25309,9.50000000e+00,0
"02","063","999","0501",2,106234,2.82600002e+01,0
"02","063","999","0505",5,31688,8.43000031e+00,0
"02","063","999","0507",4,32172,8.56000042e+00,0
"02","063","999","0510",1,130055,3.45900002e+01,0
"02","063","999","0511",6,6684,1.76999998e+00,0
"02","063","999","0514",3,69120,1.83899994e+01,0
"02","064","999","0501",1,3114,4.50499992e+01,0
"02","064","999","0505",4,159,2.29999995e+00,0
"02","064","999","0507",5,118,1.71000004e+00,0
"02","064","999","0510",3,1562,2.26000004e+01,0
"02","064","999","0513",6,77,1.11000001e+00,0
"02","064","999","0514",2,1882,2.72299995e+01,0
"02","069","999","0501",2,6206,3.19599991e+01,0
"02","069","999","0505",5,678,3.49000001e+00,0
"02","069","999","0507",4,1064,5.48000002e+00,0
"02","069","999","0510",1,8084,4.16300011e+01,0
"02","069","999","0511",6,171,8.79999995e-01,0
"02","069","999","0514",3,3215,1.65599995e+01,0
"02","070","999","0501",1,161781,4.73899994e+01,0
"02","070","999","0505",4,20511,6.01000023e+00,0
"02","070","999","0507",5,12074,3.53999996e+00,0
"02","070","999","0510",2,110384,3.23300018e+01,0
"02","070","999","0511",6,2897,8.50000024e-01,0
"02","070","999","0514",3,33742,9.88000011e+00,0
"02","072","999","0501",2,2890,3.01599998e+01,0
"02","072","999","0505",5,283,2.95000005e+00,0
"02","072","999","0507",4,544,5.67999983e+00,0
"02","072","999","0510",1,3329,3.47400017e+01,0
"02","072","999","0511",6,140,1.46000004e+00,0
"02","072","999","0514",3,2397,2.50100002e+01,0
"02","086","999","0501",3,729,1.83299999e+01,0
"02","086","999","0505",5,57,1.42999995e+00,0
"02","086","999","0507",4,95,2.39000010e+00,0
"02","086","999","0510",2,1457,3.66399994e+01,0
"02","086","999","0513",6,35,8.79999995e-01,0
"02","086","999","0514",1,1604,4.03300018e+01,0
"02","087","999","0501",3,17065,2.75300007e+01,0
"02","087","999","0505",5,2255,3.64000010e+00,0
"02","087","999","0507",4,4196,6.76999998e+00,0
"02","087","999","0510",1,19151,3.08899994e+01,0
"02","087","999","0511",7,796,1.27999997e+00,0
"02","087","999","0513",6,1371,2.21000004e+00,0
"02","087","999","0514",2,17158,2.76800003e+01,0
"02","091","999","0501",2,2330,2.20799999e+01,0
"02","091","999","0505",5,441,4.17999983e+00,0
"02","091","999","0507",3,2053,1.94500008e+01,0
"02","091","999","0510",4,1871,1.77299995e+01,0
"02","091","999","0513",6,149,1.40999997e+00,0
"02","091","999","0514",1,3709,3.51500015e+01,0
"02","092","999","0501",2,118069,3.82799988e+01,0
"02","092","999","0505",4,19082,6.19000006e+00,0
"02","092","999","0507",5,13075,4.23999977e+00,0
"02","092","999","0510",1,118914,3.85499992e+01,0
"02","092","999","0511",6,4152,1.34000003e+00,0
"02","092","999","0514",3,35169,1.13999996e+01,0
"02","093","999","0501",3,5502,3.00000000e+01,0
"02","093","999","0505",5,436,2.38000011e+00,0
"02","093","999","0507",4,839,4.57000017e+00,0
"02","093","999","0510",2,5575,3.03999996e+01,0
"02","093","999","0511",7,143,7.79999971e-01,0
"02","093","999","0513",6,232,1.25999999e+00,0
"02","093","999","0514",1,5613,3.06100006e+01,0
"02","096","999","0501",3,1934,1.30299997e+01,0
"02","096","999","0505",5,308,2.06999993e+00,0
"02","096","999","0507",4,918,6.17999983e+00,0
"02","096","999","0510",1,5781,3.89500008e+01,0
"02","096","999","0511",7,75,5.09999990e-01,0
"02","096","999","0513",6,287,1.92999995e+00,0
"02","096","999","0514",2,5541,3.73300018e+01,0
"02","098","999","0501",2,3385,2.61100006e+01,0
"02","098","999","0505",5,304,2.33999991e+00,0
"02","098","999","0507",4,1827,1.40900002e+01,0
"02","098","999","0510",3,2166,1.67099991e+01,0
"02","098","999","0513",6,147,1.13000000e+00,0
"02","098","999","0514",1,5137,3.96199989e+01,0
"02","100","999","0501",4,1076,1.96900005e+01,0
"02","100","999","0505",5,64,1.16999996e+00,0
"02","100","999","0507",1,1675,3.06599998e+01,0
"02","100","999","0510",3,1224,2.23999996e+01,0
"02","100","999","0513",6,36,6.60000026e-01,0
"02","100","999","0514",2,1389,2.54200001e+01,0
"02","101","999","0501",2,4378,2.62999992e+01,0
"02","101","999","0505",6,687,4.13000011e+00,0
"02","101","999","0507",5,751,4.51000023e+00,0
"02","101","999","0510",1,6480,3.89300003e+01,0
"02","101","999","0511",4,1301,7.82000017e+00,0
"02","101","999","0513",7,436,2.61999989e+00,0
"02","101","999","0514",3,2611,1.56899996e+01,0
"02","102","999","0501",2,3448,2.67199993e+01,0
"02","102","999","0505",5,327,2.52999997e+00,0
"02","102","999","0507",4,729,5.65000010e+00,0
"02","102","999","0510",1,6091,4.72000008e+01,0
"02","102","999","0511",7,146,1.13000000e+00,0
"02","102","999","0513",6,185,1.42999995e+00,0
"02","102","999","0514",3,1980,1.53400002e+01,0
"02","103","999","0501",2,5395,3.66399994e+01,0
"02","103","999","0505",5,519,3.51999998e+00,0
"02","103","999","0507",4,539,3.66000009e+00,0
"02","103","999","0510",1,5908,4.01199989e+01,0
"02","103","999","0511",7,90,6.20000005e-01,0
"02","103","999","0513",6,118,8.00000012e-01,0
"02","103","999","0514",3,2156,1.46400003e+01,0
"02","107","999","0501",2,27389,3.50299988e+01,0
"02","107","999","0505",5,3247,4.15000010e+00,0
"02","107","999","0507",4,4592,5.86999989e+00,0
"02","107","999","0510",1,29103,3.72299995e+01,0
"02","107","999","0511",6,1873,2.40000010e+00,0
"02","107","999","0513",7,1310,1.67999995e+00,0
"02","107","999","0514",3,10664,1.36400003e+01,0
"02","108","999","0501",2,6838,2.15699997e+01,0
"02","108","999","0505",6,1058,3.33999991e+00,0
"02","108","999","0507",5,3267,1.03100004e+01,0
"02","108","999","0510",1,8870,2.79799995e+01,0
"02","108","999","0511",7,242,7.50000000e-01,0
"02","108","999","0513",4,4593,1.44899998e+01,0
"02","108","999","0514",3,6835,2.15599995e+01,0
"02","109","999","0501",2,9279,3.07000008e+01,0
"02","109","999","0505",5,1144,3.78999996e+00,0
"02","109","999","0507",4,1692,5.59999990e+00,0
"02","109","999","0510",1,14996,4.96199989e+01,0
"02","109","999","0511",6,316,1.03999996e+00,0
"02","109","999","0514",3,2796,9.25000000e+00,0
"02","114","999","0501",1,2309,2.79699993e+01,0
"02","114","999","0505",5,306,3.71000004e+00,0
"02","114","999","0507",4,1570,1.90200005e+01,0
"02","114","999","0510",3,1842,2.23099995e+01,0
"02","114","999","0513",6,102,1.24000001e+00,0
"02","114","999","0514",2,2126,2.57500000e+01,0
"02","117","999","0501",2,9352,3.02800007e+01,0
"02","117","999","0505",5,1138,3.68000007e+00,0
"02","117","999","0507",4,2198,7.11999989e+00,0
"02","117","999","0510",1,11921,3.85900002e+01,0
"02","117","999","0513",6,790,2.55999994e+00,0
"02","117","999","0514",3,5491,1.77700005e+01,0
"02","120","999","0501",1,2281,4.72299995e+01,0
"02","120","999","0505",5,123,2.54999995e+00,0
"02","120","999","0507",4,295,6.11000013e+00,0
"02","120","999","0510",3,912,1.88799992e+01,0
"02","120","999","0513",6,31,6.39999986e-01,0
"02","120","999","0514",2,1188,2.45900002e+01,0
"02","124","999","0501",2,4661,2.79799995e+01,0
"02","124","999","0505",5,364,2.19000006e+00,0
"02","124","999","0507",3,2436,1.46199999e+01,0
"02","124","999","0510",1,6774,4.06599998e+01,0
"02","124","999","0513",6,257,1.53999996e+00,0
"02","124","999","0514",4,2167,1.30100002e+01,0
"02","125","999","0501",2,20614,3.29900017e+01,0
"02","125","999","0505",5,2609,4.17999983e+00,0
"02","125","999","0507",4,3614,5.78000021e+00,0
"02","125","999","0510",1,26909,4.30600014e+01,0
"02","125","999","0511",7,463,7.50000000e-01,0
"02","125","999","0513",6,471,7.50000000e-01,0
"02","125","999","0514",3,7805,1.24899998e+01,0
"02","126","999","0501",1,1773,4.19500008e+01,0
"02","126","999","0505",5,63,1.49000001e+00,0
"02","126","999","0507",4,96,2.26999998e+00,0
"02","126","999","0510",2,1523,3.60400009e+01,0
"02","126","999","0513",6,25,5.89999974e-01,0
"02","126","999","0514",3,746,1.76599998e+01,0
"02","128","999","0501",2,14416,3.81100006e+01,0
"02","128","999","0505",3,1700,4.48999977e+00,0
"02","128","999","0507",5,1390,3.67000008e+00,0
"02","128","999","0510",1,18176,4.80499992e+01,0
"02","128","999","0511",6,457,1.23000002e+00,0
"02","128","999","0514",4,1685,4.44999981e+00,0
"02","131","999","0501",1,2270,3.73199997e+01,0
"02","131","999","0505",5,173,2.83999991e+00,0
"02","131","999","0507",4,174,2.85999990e+00,0
"02","131","999","0510",2,1823,2.99699993e+01,0
"02","131","999","0511",6,41,6.89999998e-01,0
"02","131","999","0514",3,1601,2.63199997e+01,0
"02","132","999","0501",1,34420,4.42400017e+01,0
"02","132","999","0505",5,4050,5.21000004e+00,0
"02","132","999","0507",4,4092,5.26000023e+00,0
"02","132","999","0510",2,30097,3.86800003e+01,0
"02","132","999","0511",6,809,1.02999997e+00,0
"02","132","999","0514",3,4338,5.57999992e+00,0
"02","992","999","0501",2,117506,2.97299995e+01,4
"02","992","999","0505",5,13430,3.40000010e+00,0
"02","992","999","0507",4,23507,5.94999981e+00,0
"02","992","999","0510",1,144993,3.66800003e+01,4
"02","992","999","0511",7,6312,1.59000003e+00,0
"02","992","999","0513",6,12143,3.06999993e+00,0
"02","992","999","0514",3,77381,1.95799999e+01,3
"02","993","999","0501",1,1204404,4.12000008e+01,8
"02","993","999","0505",4,166970,5.71000004e+00,1
"02","993","999","0507",5,123261,4.21999979e+00,0
"02","993","999","0510",2,1145913,3.92000008e+01,7
"02","993","999","0511",6,32459,1.10000002e+00,0
"02","993","999","0514",3,250613,8.56999969e+00,2
"02","996","999","0501",1,126316,3.02000008e+01,4
"02","996","999","0505",5,20888,4.98999977e+00,0
"02","996","999","0507",4,74609,1.78400002e+01,2
"02","996","999","0510",2,112775,2.69599991e+01,3
"02","996","999","0513",6,6617,1.58000004e+00,0
"02","996","999","0514",3,77081,1.84300003e+01,2
"02","998","999","0501",2,106234,2.82600002e+01,2
"02","998","999","0505",5,31688,8.43000031e+00,0
"02","998","999","0507",4,32172,8.56000042e+00,0
"02","998","999","0510",1,130055,3.45900002e+01,2
"02","998","999","0511",6,6684,1.76999998e+00,0
"02","998","999","0514",3,69120,1.83899994e+01,2
"02","999","999","0501",1,1554460,3.77900009e+01,18
"02","999","999","0505",5,232976,5.65999985e+00,1
"02","999","999","0507",4,253549,6.15999985e+00,2
"02","999","999","0510",2,1533736,3.72900009e+01,16
"02","999","999","0511",6,45455,1.11000001e+00,0
"02","999","999","0513",7,18760,4.60000008e-01,0
"02","999","999","0514",3,474195,1.15299997e+01,9
"03","001","999","0014",5,2897,3.38000011e+00,0
"03","001","999","0038",8,551,6.39999986e-01,0
"03","001","999","0501",2,26781,3.12000008e+01,0
"03","001","999","0508",1,35272,4.10999985e+01,0
"03","001","999","0509",3,15297,1.78199997e+01,0
"03","001","999","0563",7,705,8.19999993e-01,0
"03","001","999","0564",4,2957,3.45000005e+00,0
"03","001","999","0565",6,1363,1.59000003e+00,0
"03","002","999","0014",6,97,1.11000001e+00,0
"03","002","999","0038",8,3,2.99999993e-02,0
"03","002","999","0501",1,3609,4.14399986e+01,0
"03","002","999","0508",2,2846,3.26800003e+01,0
"03","002","999","0509",3,1537,1.76499996e+01,0
"03","002","999","0563",7,63,7.20000029e-01,0
"03","002","999","0564",4,292,3.34999990e+00,0
"03","002","999","0565",5,261,3.01999998e+00,0
"03","003","999","0014",6,122,9.90000010e-01,0
"03","003","999","0038",8,92,7.40000010e-01,0
"03","003","999","0501",1,6098,4.92999992e+01,0
"03","003","999","0508",3,2497,2.01900005e+01,0
"03","003","999","0509",2,3096,2.50300007e+01,0
"03","003","999","0563",5,159,1.28999996e+00,0
"03","003","999","0564",4,206,1.66999996e+00,0
"03","003","999","0565",7,100,7.90000021e-01,0
"03","004","999","0014",4,12,6.60000026e-01,0
"03","004","999","0038",7,8,4.39999998e-01,0
"03","004","999","0501",1,871,4.80400009e+01,0
"03","004","999","0508",2,859,4.73800011e+01,0
"03","004","999","0509",3,37,2.03999996e+00,0
"03","004","999","0563",5,12,6.60000026e-01,0
"03","004","999","0564",6,12,6.60000026e-01,0
"03","004","999","0565",8,2,1.19999997e-01,0
"03","005","999","0014",7,9,4.00000006e-01,0
"03","005","999","0038",8,6,2.70000011e-01,0
"03","005","999","0501",2,902,4.03600006e+01,0
"03","005","999","0508",1,946,4.23300018e+01,0
"03","005","999","0509",4,128,5.73000002e+00,0
"03","005","999","0563",6,17,7.59999990e-01,0
"03","005","999","0564",5,25,1.12000000e+00,0
"03","005","999","0565",3,202,9.02999973e+00,0
"03","006","999","0014",7,43,6.00000024e-01,0
"03","006","999","0038",8,30,4.19999987e-01,0
"03","006","999","0501",2,2417,3.37900009e+01,0
"03","006","999","0508",1,2769,3.87099991e+01,0
"03","006","999","0509",3,1647,2.30200005e+01,0
"03","006","999","0563",6,44,6.20000005e-01,0
"03","006","999","0564",5,48,6.70000017e-01,0
"03","006","999","0565",4,156,2.17000008e+00,0
"03","007","999","0014",4,34,1.21000004e+00,0
"03","007","999","0038",7,13,4.60000008e-01,0
"03","007","999","0501",1,1219,4.35000000e+01,0
"03","007","999","0508",2,1206,4.30400009e+01,0
"03","007","999","0509",3,277,9.89000034e+00,0
"03","007","999","0563",6,22,7.90000021e-01,0
"03","007","999","0564",8,8,2.89999992e-01,0
"03","007","999","0565",5,23,8.19999993e-01,0
"03","008","999","0014",5,573,3.80999994e+00,0
"03","008","999","0038",8,149,9.90000010e-01,0
"03","008","999","0501",2,4389,2.91599998e+01,0
"03","008","999","0508",1,5445,3.61699982e+01,0
"03","008","999","0509",3,3219,2.13899994e+01,0
"03","008","999","0563",7,217,1.44000006e+00,0
"03","008","999","0564",6,432,2.86999989e+00,0
"03","008","999","0565",4,628,4.17000008e+00,0
"03","009","999","0014",6,103,1.38000000e+00,0
"03","009","999","0038",8,67,8.99999976e-01,0
"03","009","999","0501",2,2340,3.13600006e+01,0
"03","009","999","0508",1,2823,3.78300018e+01,0
"03","009","999","0509",3,1535,2.05699997e+01,0
"03","009","999","0563",7,101,1.35000002e+00,0
"03","009","999","0564",5,235,3.15000010e+00,0
"03","009","999","0565",4,258,3.46000004e+00,0
"03","010","999","0014",5,33,9.20000017e-01,0
"03","010","999","0038",8,18,5.00000000e-01,0
"03","010","999","0501",1,1512,4.21899986e+01,0
"03","010","999","0508",2,977,2.72600002e+01,0
"03","010","999","0509",3,894,2.49400005e+01,0
"03","010","999","0563",6,29,8.10000002e-01,0
"03","010","999","0564",4,102,2.84999990e+00,0
"03","010","999","0565",7,19,5.29999971e-01,0
"03","011","999","0014",6,47,8.10000002e-01,0
"03","011","999","0038",8,35,6.10000014e-01,0
"03","011","999","0501",1,3295,5.70499992e+01,0
"03","011","999","0508",2,1600,2.77000008e+01,0
"03","011","999","0509",3,611,1.05799999e+01,0
"03","011","999","0563",7,46,8.00000012e-01,0
"03","011","999","0564",5,58,1.00000000e+00,0
"03","011","999","0565",4,84,1.45000005e+00,0
"03","012","999","0014",4,415,4.15000010e+00,0
"03","012","999","0038",8,97,9.70000029e-01,0
"03","012","999","0501",1,4212,4.21599998e+01,0
"03","012","999","0508",2,3985,3.98899994e+01,0
"03","012","999","0509",3,686,6.86999989e+00,0
"03","012","999","0563",6,126,1.25999999e+00,0
"03","012","999","0564",5,348,3.48000002e+00,0
"03","012","999","0565",7,121,1.22000003e+00,0
"03","013","999","0014",6,216,1.52999997e+00,0
"03","013","999","0038",8,118,8.39999974e-01,0
"03","013","999","0501",1,6060,4.29099998e+01,0
"03","013","999","0508",2,5059,3.58199997e+01,0
"03","013","999","0509",3,1989,1.40799999e+01,0
"03","013","999","0563",7,180,1.26999998e+00,0
"03","013","999","0564",5,242,1.71000004e+00,0
"03","013","999","0565",4,260,1.84000003e+00,0
"03","014","999","0014",8,2,2.30000004e-01,0
"03","014","999","0038",5,4,4.60000008e-01,0
"03","014","999","0501",1,377,4.33800011e+01,0
"03","014","999","0508",2,304,3.49799995e+01,0
"03","014","999","0509",3,158,1.81800003e+01,0
"03","014","999","0563",6,4,4.60000008e-01,0
"03","014","999","0564",4,16,1.84000003e+00,0
"03","014","999","0565",7,4,4.69999999e-01,0
"03","015","999","0014",5,217,1.87000000e+00,0
"03","015","999","0038",8,85,7.30000019e-01,0
"03","015","999","0501",1,4833,4.16300011e+01,0
"03","015","999","0508",2,4689,4.03899994e+01,0
"03","015","999","0509",3,1219,1.05000000e+01,0
"03","015","999","0563",6,151,1.29999995e+00,0
"03","015","999","0564",7,126,1.09000003e+00,0
"03","015","999","0565",4,290,2.49000001e+00,0
"03","016","999","0014",8,124,1.00000000e+00,0
"03","016","999","0038",7,141,1.13999999e+00,0
"03","016","999","0501",1,4994,4.02999992e+01,0
"03","016","999","0508",2,4483,3.61800003e+01,0
"03","016","999","0509",3,1243,1.00299997e+01,0
"03","016","999","0563",6,224,1.80999994e+00,0
"03","016","999","0564",5,295,2.38000011e+00,0
"03","016","999","0565",4,887,7.15999985e+00,0
"03","999","999","0014",5,4944,2.45000005e+00,0
"03","999","999","0038",8,1417,6.99999988e-01,0
"03","999","999","0501",2,73909,3.66300011e+01,8
"03","999","999","0508",1,75760,3.75499992e+01,9
"03","999","999","0509",3,33573,1.66399994e+01,4
"03","999","999","0563",7,2100,1.03999996e+00,0
"03","999","999","0564",4,5402,2.68000007e+00,0
"03","999","999","0565",6,4658,2.30999994e+00,0
"06","001","999","0014",3,23296,9.97999954e+00,0
"06","001","999","0060",7,3321,1.41999996e+00,0
"06","001","999","0179",8,2673,1.13999999e+00,0
"06","001","999","0182",5,3858,1.64999998e+00,0
"06","001","999","0218",4,9107,3.90000010e+00,0
"06","001","999","0501",1,116286,4.97999992e+01,0
"06","001","999","0518",6,3497,1.50000000e+00,0
"06","001","999","0519",2,71452,3.06100006e+01,0
"06","002","999","0014",3,344,4.84999990e+00,0
"06","002","999","0060",5,73,1.02999997e+00,0
"06","002","999","0179",7,59,8.29999983e-01,0
"06","002","999","0182",6,67,9.39999998e-01,0
"06","002","999","0218",4,99,1.39999998e+00,0
"06","002","999","0501",1,4105,5.78699989e+01,0
"06","002","999","0518",8,52,7.30000019e-01,0
"06","002","999","0519",2,2295,3.23499985e+01,0
"06","003","999","0014",3,523,6.92000008e+00,0
"06","003","999","0060",7,52,6.89999998e-01,0
"06","003","999","0179",6,64,8.50000024e-01,0
"06","003","999","0182",8,52,6.89999998e-01,0
"06","003","999","0218",4,167,2.21000004e+00,0
"06","003","999","0501",1,4411,5.83699989e+01,0
"06","003","999","0518",5,66,8.70000005e-01,0
"06","003","999","0519",2,2222,2.93999996e+01,0
"06","004","999","0014",3,141,1.59000003e+00,0
"06","004","999","0060",5,111,1.25000000e+00,0
"06","004","999","0179",8,61,6.89999998e-01,0
"06","004","999","0182",6,76,8.60000014e-01,0
"06","004","999","0218",4,137,1.53999996e+00,0
"06","004","999","0501",1,5401,6.08600006e+01,0
"06","004","999","0518",7,64,7.20000029e-01,0
"06","004","999","0519",2,2884,3.24900017e+01,0
"06","005","999","0014",7,96,9.10000026e-01,0
"06","005","999","0060",6,136,1.28999996e+00,0
"06","005","999","0179",3,550,5.21000004e+00,0
"06","005","999","0182",5,251,2.38000011e+00,0
"06","005","999","0218",4,473,4.48000002e+00,0
"06","005","999","0501",1,6226,5.89500008e+01,0
"06","005","999","0518",8,43,4.09999996e-01,0
"06","005","999","0519",2,2787,2.63700008e+01,0
"06","006","999","0014",6,72,1.05999994e+00,0
"06","006","999","0060",4,116,1.70000005e+00,0
"06","006","999","0179",5,73,1.07000005e+00,0
"06","006","999","0182",7,63,9.30000007e-01,0
"06","006","999","0218",3,321,4.71999979e+00,0
"06","006","999","0501",1,3515,5.16399994e+01,0
"06","006","999","0518",8,49,7.20000029e-01,0
"06","006","999","0519",2,2598,3.81599998e+01,0
"06","007","999","0014",4,326,2.07999992e+00,0
"06","007","999","0060",6,189,1.21000004e+00,0
"06","007","999","0179",8,106,6.80000007e-01,0
"06","007","999","0182",5,284,1.80999994e+00,0
"06","007","999","0218",3,555,3.53999996e+00,0
"06","007","999","0501",1,8874,5.66800003e+01,0
"06","007","999","0518",7,120,7.69999981e-01,0
"06","007","999","0519",2,5203,3.32299995e+01,0
"06","008","999","0014",5,426,1.23000002e+00,0
"06","008","999","0060",4,491,1.41999996e+00,0
"06","008","999","0179",8,258,7.50000000e-01,0
"06","008","999","0182",6,364,1.04999995e+00,0
"06","008","999","0218",3,597,1.73000002e+00,0
"06","008","999","0501",1,20539,5.95099983e+01,0
"06","008","999","0518",7,298,8.60000014e-01,0
"06","008","999","0519",2,11541,3.34500008e+01,0
"06","009","999","0014",3,14,6.70000017e-01,0
"06","009","999","0060",7,6,2.89999992e-01,0
"06","009","999","0179",5,7,3.30000013e-01,0
"06","009","999","0182",8,3,1.40000001e-01,0
"06","009","999","0218",4,13,6.20000005e-01,0
"06","009","999","0501",1,1184,5.65200005e+01,0
"06","009","999","0518",6,7,3.30000013e-01,0
"06","009","999","0519",2,861,4.10999985e+01,0
"06","010","999","0014",5,68,7.59999990e-01,0
"06","010","999","0060",4,114,1.26999998e+00,0
"06","010","999","0179",6,60,6.70000017e-01,0
"06","010","999","0182",8,39,4.30000007e-01,0
"06","010","999","0218",3,217,2.42000008e+00,0
"06","010","999","0501",1,5597,6.24000015e+01,0
"06","010","999","0518",7,53,5.89999974e-01,0
"06","010","999","0519",2,2822,3.14599991e+01,0
"06","011","999","0014",4,839,2.51999998e+00,0
"06","011","999","0060",6,376,1.13000000e+00,0
"06","011","999","0179",7,322,9.70000029e-01,0
"06","011","999","0182",8,252,7.59999990e-01,0
"06","011","999","0218",3,1169,3.50999999e+00,0
"06","011","999","0501",1,18182,5.46500015e+01,0
"06","011","999","0518",5,430,1.28999996e+00,0
"06","011","999","0519",2,11701,3.51699982e+01,0
"06","012","999","0014",7,62,5.19999981e-01,0
"06","012","999","0060",3,199,1.66999996e+00,0
"06","012","999","0179",5,93,7.79999971e-01,0
"06","012","999","0182",8,46,3.89999986e-01,0
"06","012","999","0218",4,111,9.30000007e-01,0
"06","012","999","0501",1,7288,6.12700005e+01,0
"06","012","999","0518",6,87,7.30000019e-01,0
"06","012","999","0519",2,4008,3.37099991e+01,0
"06","013","999","0014",3,864,1.60000002e+00,0
"06","013","999","0060",6,360,6.70000017e-01,0
"06","013","999","0179",8,290,5.40000021e-01,0
"06","013","999","0182",7,326,6.00000024e-01,0
"06","013","999","0218",4,663,1.23000002e+00,0
"06","013","999","0501",1,27760,5.15099983e+01,0
"06","013","999","0518",5,378,6.99999988e-01,0
"06","013","999","0519",2,23248,4.31500015e+01,0
"06","014","999","0014",3,270,1.44000006e+00,0
"06","014","999","0060",5,198,1.04999995e+00,0
"06","014","999","0179",6,165,8.79999995e-01,0
"06","014","999","0182",8,124,6.60000026e-01,0
"06","014","999","0218",4,241,1.27999997e+00,0
"06","014","999","0501",1,10578,5.63100014e+01,0
"06","014","999","0518",7,161,8.60000014e-01,0
"06","014","999","0519",2,7048,3.75200005e+01,0
"06","015","999","0014",6,180,1.08000004e+00,0
"06","015","999","0060",5,192,1.14999998e+00,0
"06","015","999","0179",3,288,1.73000002e+00,0
"06","015","999","0182",8,125,7.50000000e-01,0
"06","015","999","0218",4,194,1.15999997e+00,0
"06","015","999","0501",1,10320,6.18699989e+01,0
"06","015","999","0518",7,129,7.69999981e-01,0
"06","015","999","0519",2,5251,3.14899998e+01,0
"06","016","999","0014",6,112,7.90000021e-01,0
"06","016","999","0060",8,91,6.49999976e-01,0
"06","016","999","0179",4,159,1.13000000e+00,0
"06","016","999","0182",7,94,6.70000017e-01,0
"06","016","999","0218",5,152,1.08000004e+00,0
"06","016","999","0501",1,8172,5.79700012e+01,0
"06","016","999","0518",3,233,1.64999998e+00,0
"06","016","999","0519",2,5085,3.60600014e+01,0
"06","017","999","0014",5,81,6.49999976e-01,0
"06","017","999","0060",3,368,2.96000004e+00,0
"06","017","999","0179",6,78,6.29999995e-01,0
"06","017","999","0182",8,28,2.30000004e-01,0
"06","017","999","0218",4,172,1.38000000e+00,0
"06","017","999","0501",1,7666,6.16399994e+01,0
"06","017","999","0518",7,41,3.30000013e-01,0
"06","017","999","0519",2,4003,3.21800003e+01,0
"06","018","999","0014",3,66,1.01999998e+00,0
"06","018","999","0060",6,40,6.20000005e-01,0
"06","018","999","0179",4,57,8.79999995e-01,0
"06","018","999","0182",8,22,3.40000004e-01,0
"06","018","999","0218",5,47,7.30000019e-01,0
"06","018","999","0501",1,4399,6.81800003e+01,0
"06","018","999","0518",7,26,4.00000006e-01,0
"06","018","999","0519",2,1795,2.78299999e+01,0
"06","019","999","0014",3,200,1.13000000e+00,0
"06","019","999","0060",6,81,4.60000008e-01,0
"06","019","999","0179",7,74,4.19999987e-01,0
"06","019","999","0182",8,59,3.30000013e-01,0
"06","019","999","0218",4,168,9.49999988e-01,0
"06","019","999","0501",1,10105,5.72599983e+01,0
"06","019","999","0518",5,89,5.00000000e-01,0
"06","019","999","0519",2,6873,3.89500008e+01,0
"06","020","999","0014",3,343,1.94000006e+00,0
"06","020","999","0060",6,147,8.29999983e-01,0
"06","020","999","0179",8,83,4.69999999e-01,0
"06","020","999","0182",7,84,4.79999989e-01,0
"06","020","999","0218",4,187,1.05999994e+00,0
"06","020","999","0501",1,8882,5.03600006e+01,0
"06","020","999","0518",5,154,8.70000005e-01,0
"06","020","999","0519",2,7756,4.39900017e+01,0
"06","021","999","0014",5,88,6.70000017e-01,0
"06","021","999","0060",4,89,6.80000007e-01,0
"06","021","999","0179",6,77,5.89999974e-01,0
"06","021","999","0182",8,30,2.30000004e-01,0
"06","021","999","0218",3,99,7.50000000e-01,0
"06","021","999","0501",1,6588,5.01300011e+01,0
"06","021","999","0518",7,61,4.60000008e-01,0
"06","021","999","0519",2,6110,4.64900017e+01,0
"06","022","999","0014",4,56,1.35000002e+00,0
"06","022","999","0060",8,15,3.60000014e-01,0
"06","022","999","0179",6,26,6.29999995e-01,0
"06","022","999","0182",7,23,5.50000012e-01,0
"06","022","999","0218",3,94,2.25999999e+00,0
"06","022","999","0501",1,2209,5.31500015e+01,0
"06","022","999","0518",5,28,6.70000017e-01,0
"06","022","999","0519",2,1705,4.10299988e+01,0
"06","023","999","0014",5,42,6.00000024e-01,0
"06","023","999","0060",4,66,9.39999998e-01,0
"06","023","999","0179",6,40,5.69999993e-01,0
"06","023","999","0182",8,24,3.40000004e-01,0
"06","023","999","0218",3,74,1.04999995e+00,0
"06","023","999","0501",1,4091,5.80699997e+01,0
"06","023","999","0518",7,28,4.00000006e-01,0
"06","023","999","0519",2,2680,3.80299988e+01,0
"06","024","999","0014",6,86,4.69999999e-01,0
"06","024","999","0060",5,149,8.10000002e-01,0
"06","024","999","0179",3,254,1.38000000e+00,0
"06","024","999","0182",8,44,2.39999995e-01,0
"06","024","999","0218",4,155,8.50000024e-01,0
"06","024","999","0501",1,11989,6.53600006e+01,0
"06","024","999","0518",7,53,2.89999992e-01,0
"06","024","999","0519",2,5612,3.06000004e+01,0
"06","025","999","0014",4,376,9.70000029e-01,0
"06","025","999","0060",8,276,7.09999979e-01,0
"06","025","999","0179",6,369,9.49999988e-01,0
"06","025","999","0182",5,374,9.59999979e-01,0
"06","025","999","0218",3,802,2.05999994e+00,0
"06","025","999","0501",1,24807,6.37900009e+01,0
"06","025","999","0518",7,343,8.79999995e-01,0
"06","025","999","0519",2,11542,2.96800003e+01,0
"06","999","999","0014",3,28971,4.67000008e+00,0
"06","999","999","0060",5,7256,1.16999996e+00,0
"06","999","999","0179",8,6286,1.00999999e+00,0
"06","999","999","0182",6,6712,1.08000004e+00,0
"06","999","999","0218",4,16014,2.57999992e+00,0
"06","999","999","0501",1,339174,5.47099991e+01,10
"06","999","999","0518",7,6490,1.04999995e+00,0
"06","999","999","0519",2,209082,3.37299995e+01,6
"10","001","999","0063",13,637,4.39999998e-01,0
"10","001","999","0064",5,7849,5.42000008e+00,0
"10","001","999","0068",7,3898,2.69000006e+00,0
"10","001","999","0208",8,2861,1.98000002e+00,0
"10","001","999","0501",2,26862,1.85599995e+01,0
"10","001","999","0505",4,14886,1.02799997e+01,0
"10","001","999","0510",9,2190,1.50999999e+00,0
"10","001","999","0522",1,56488,3.90200005e+01,0
"10","001","999","0524",6,6710,4.63999987e+00,0
"10","001","999","0556",10,1130,7.79999971e-01,0
"10","001","999","0567",12,1019,6.99999988e-01,0
"10","001","999","0568",11,1036,7.20000029e-01,0
"10","001","999","0569",3,19200,1.32600002e+01,0
"10","002","999","0063",13,143,4.90000010e-01,0
"10","002","999","0064",6,1157,3.96000004e+00,0
"10","002","999","0068",5,1174,4.01999998e+00,0
"10","002","999","0208",9,388,1.33000004e+00,0
"10","002","999","0501",2,9019,3.08799992e+01,0
"10","002","999","0505",4,1950,6.67999983e+00,0
"10","002","999","0510",8,400,1.37000000e+00,0
"10","002","999","0522",1,9538,3.26599998e+01,0
"10","002","999","0524",7,1033,3.53999996e+00,0
"10","002","999","0556",11,170,5.79999983e-01,0
"10","002","999","0567",10,288,9.90000010e-01,0
"10","002","999","0568",12,161,5.50000012e-01,0
"10","002","999","0569",3,3787,1.29499998e+01,0
"10","003","999","0063",13,6,2.19999999e-01,0
"10","003","999","0064",5,47,1.75000000e+00,0
"10","003","999","0068",7,21,7.79999971e-01,0
"10","003","999","0208",11,8,3.00000012e-01,0
"10","003","999","0501",1,1290,4.79199982e+01,0
"10","003","999","0505",4,74,2.75000000e+00,0
"10","003","999","0510",8,13,4.79999989e-01,0
"10","003","999","0522",2,902,3.35099983e+01,0
"10","003","999","0524",6,33,1.23000002e+00,0
"10","003","999","0556",10,9,3.30000013e-01,0
"10","003","999","0567",12,8,3.00000012e-01,0
"10","003","999","0568",9,11,4.09999996e-01,0
"10","003","999","0569",3,270,1.00200005e+01,0
"10","004","999","0063",13,128,2.89999992e-01,0
"10","004","999","0064",4,2869,6.53000021e+00,0
"10","004","999","0068",8,604,1.37000000e+00,0
"10","004","999","0208",9,603,1.37000000e+00,0
"10","004","999","0501",1,16810,3.82500000e+01,0
"10","004","999","0505",6,1362,3.09999990e+00,0
"10","004","999","0510",7,1089,2.48000002e+00,0
"10","004","999","0522",2,12100,2.75300007e+01,0
"10","004","999","0524",5,1918,4.36000013e+00,0
"10","004","999","0556",11,201,4.60000008e-01,0
"10","004","999","0567",10,403,9.20000017e-01,0
"10","004","999","0568",12,179,4.09999996e-01,0
"10","004","999","0569",3,5684,1.29300003e+01,0
"10","005","999","0063",12,149,3.79999995e-01,0
"10","005","999","0064",4,1389,3.50999999e+00,0
"10","005","999","0068",9,564,1.42999995e+00,0
"10","005","999","0208",8,592,1.50000000e+00,0
"10","005","999","0501",1,17428,4.40900002e+01,0
"10","005","999","0505",5,1145,2.90000010e+00,0
"10","005","999","0510",6,881,2.23000002e+00,0
"10","005","999","0522",2,10439,2.64099998e+01,0
"10","005","999","0524",7,756,1.90999997e+00,0
"10","005","999","0556",11,154,3.89999986e-01,0
"10","005","999","0567",13,62,1.59999996e-01,0
"10","005","999","0568",10,204,5.19999981e-01,0
"10","005","999","0569",3,5768,1.45699997e+01,0
"10","006","999","0063",9,62,6.39999986e-01,0
"10","006","999","0064",6,111,1.14999998e+00,0
"10","006","999","0068",7,73,7.59999990e-01,0
"10","006","999","0208",11,43,4.49999988e-01,0
"10","006","999","0501",1,5754,5.95800018e+01,0
"10","006","999","0505",8,70,7.20000029e-01,0
"10","006","999","0510",5,327,3.39000010e+00,0
"10","006","999","0522",2,1520,1.57399998e+01,0
"10","006","999","0524",4,781,8.09000015e+00,0
"10","006","999","0556",13,16,1.70000002e-01,0
"10","006","999","0567",10,60,6.20000005e-01,0
"10","006","999","0568",12,31,3.19999993e-01,0
"10","006","999","0569",3,809,8.36999989e+00,0
"10","007","999","0063",12,116,2.89999992e-01,0
"10","007","999","0064",7,709,1.75000000e+00,0
"10","007","999","0068",5,1312,3.24000001e+00,0
"10","007","999","0208",9,273,6.70000017e-01,0
"10","007","999","0501",1,16209,4.00600014e+01,0
"10","007","999","0505",4,1660,4.09999990e+00,0
"10","007","999","0510",8,465,1.14999998e+00,0
"10","007","999","0522",2,10835,2.67800007e+01,0
"10","007","999","0524",6,1094,2.70000005e+00,0
"10","007","999","0556",10,214,5.29999971e-01,0
"10","007","999","0567",13,77,1.89999998e-01,0
"10","007","999","0568",11,168,4.19999987e-01,0
"10","007","999","0569",3,7332,1.81200008e+01,0
"10","008","999","0063",1,0,0.00000000e+00,0
"10","008","999","0064",2,0,0.00000000e+00,0
"10","008","999","0068",3,0,0.00000000e+00,0
"10","008","999","0208",4,0,0.00000000e+00,0
"10","008","999","0501",8,0,0.00000000e+00,0
"10","008","999","0505",11,0,0.00000000e+00,0
"10","008","999","0510",12,0,0.00000000e+00,0
"10","008","999","0522",9,0,0.00000000e+00,0
"10","008","999","0524",10,0,0.00000000e+00,0
"10","008","999","0556",5,0,0.00000000e+00,0
"10","008","999","0567",6,0,0.00000000e+00,0
"10","008","999","0568",7,0,0.00000000e+00,0
"10","008","999","0569",13,0,0.00000000e+00,0
"10","009","999","0063",13,0,0.00000000e+00,0
"10","009","999","0064",9,17,5.09999990e-01,0
"10","009","999","0068",8,23,6.80000007e-01,0
"10","009","999","0208",12,9,2.70000011e-01,0
"10","009","999","0501",1,1673,4.98100014e+01,0
"10","009","999","0505",4,104,3.09999990e+00,0
"10","009","999","0510",7,56,1.66999996e+00,0
"10","009","999","0522",2,1086,3.23300018e+01,0
"10","009","999","0524",5,76,2.25999999e+00,0
"10","009","999","0556",11,10,3.00000012e-01,0
"10","009","999","0567",6,61,1.82000005e+00,0
"10","009","999","0568",10,16,4.79999989e-01,0
"10","009","999","0569",3,228,6.76999998e+00,0
"10","010","999","0063",13,9,1.50000006e-01,0
"10","010","999","0064",9,59,9.49999988e-01,0
"10","010","999","0068",7,99,1.60000002e+00,0
"10","010","999","0208",11,34,5.50000012e-01,0
"10","010","999","0501",1,2550,4.12000008e+01,0
"10","010","999","0505",5,216,3.49000001e+00,0
"10","010","999","0510",8,65,1.04999995e+00,0
"10","010","999","0522",2,1876,3.03099995e+01,0
"10","010","999","0524",6,132,2.13000011e+00,0
"10","010","999","0556",10,38,6.10000014e-01,0
"10","010","999","0567",4,324,5.23999977e+00,0
"10","010","999","0568",12,25,4.00000006e-01,0
"10","010","999","0569",3,762,1.23199997e+01,0
"10","011","999","0063",13,16,1.89999998e-01,0
"10","011","999","0064",7,129,1.55999994e+00,0
"10","011","999","0068",10,63,7.59999990e-01,0
"10","011","999","0208",8,128,1.53999996e+00,0
"10","011","999","0501",2,2104,2.53600006e+01,0
"10","011","999","0505",6,197,2.36999989e+00,0
"10","011","999","0510",9,82,9.90000010e-01,0
"10","011","999","0522",1,2735,3.29700012e+01,0
"10","011","999","0524",5,374,4.51000023e+00,0
"10","011","999","0556",12,30,3.60000014e-01,0
"10","011","999","0567",4,865,1.04300003e+01,0
"10","011","999","0568",11,55,6.60000026e-01,0
"10","011","999","0569",3,1517,1.82999992e+01,0
"10","012","999","0063",12,17,2.89999992e-01,0
"10","012","999","0064",9,26,4.49999988e-01,0
"10","012","999","0068",8,38,6.49999976e-01,0
"10","012","999","0208",13,6,1.00000001e-01,0
"10","012","999","0501",1,2273,3.91399994e+01,0
"10","012","999","0505",6,79,1.36000001e+00,0
"10","012","999","0510",7,42,7.20000029e-01,0
"10","012","999","0522",2,1925,3.31399994e+01,0
"10","012","999","0524",4,381,6.55999994e+00,0
"10","012","999","0556",11,23,4.00000006e-01,0
"10","012","999","0567",3,714,1.22900000e+01,0
"10","012","999","0568",10,25,4.30000007e-01,0
"10","012","999","0569",5,259,4.46999979e+00,0
"10","013","999","0063",7,1,1.00000001e-01,0
"10","013","999","0064",8,1,1.00000001e-01,0
"10","013","999","0068",9,1,1.00000001e-01,0
"10","013","999","0208",10,1,1.00000001e-01,0
"10","013","999","0501",1,661,6.66999969e+01,0
"10","013","999","0505",13,0,0.00000000e+00,0
"10","013","999","0510",12,1,1.00000001e-01,0
"10","013","999","0522",3,90,9.07999992e+00,0
"10","013","999","0524",4,68,6.86000013e+00,0
"10","013","999","0556",6,3,3.00000012e-01,0
"10","013","999","0567",2,125,1.26099997e+01,0
"10","013","999","0568",11,1,1.00000001e-01,0
"10","013","999","0569",5,38,3.84999990e+00,0
"10","014","999","0063",9,1,9.00000036e-02,0
"10","014","999","0064",10,1,9.00000036e-02,0
"10","014","999","0068",11,1,9.00000036e-02,0
"10","014","999","0208",7,6,5.60000002e-01,0
"10","014","999","0501",1,766,7.12600021e+01,0
"10","014","999","0505",6,9,8.39999974e-01,0
"10","014","999","0510",8,3,2.80000001e-01,0
"10","014","999","0522",3,111,1.03299999e+01,0
"10","014","999","0524",2,138,1.28400002e+01,0
"10","014","999","0556",13,0,0.00000000e+00,0
"10","014","999","0567",5,17,1.58000004e+00,0
"10","014","999","0568",12,1,9.00000036e-02,0
"10","014","999","0569",4,21,1.95000005e+00,0
"10","015","999","0063",11,38,5.19999981e-01,0
"10","015","999","0064",12,24,3.30000013e-01,0
"10","015","999","0068",7,73,9.90000010e-01,0
"10","015","999","0208",8,63,8.60000014e-01,0
"10","015","999","0501",1,2916,3.97299995e+01,0
"10","015","999","0505",6,137,1.87000000e+00,0
"10","015","999","0510",10,41,5.60000002e-01,0
"10","015","999","0522",2,1653,2.25200005e+01,0
"10","015","999","0524",3,972,1.32399998e+01,0
"10","015","999","0556",9,42,5.69999993e-01,0
"10","015","999","0567",5,483,6.57999992e+00,0
"10","015","999","0568",13,14,1.89999998e-01,0
"10","015","999","0569",4,884,1.20400000e+01,0
"10","016","999","0063",9,0,0.00000000e+00,0
"10","016","999","0064",10,0,0.00000000e+00,0
"10","016","999","0068",6,2,5.60000002e-01,0
"10","016","999","0208",11,0,0.00000000e+00,0
"10","016","999","0501",1,206,5.78699989e+01,0
"10","016","999","0505",13,0,0.00000000e+00,0
"10","016","999","0510",8,1,2.80000001e-01,0
"10","016","999","0522",2,135,3.79199982e+01,0
"10","016","999","0524",7,1,2.80000001e-01,0
"10","016","999","0556",4,3,8.39999974e-01,0
"10","016","999","0567",5,3,8.39999974e-01,0
"10","016","999","0568",12,0,0.00000000e+00,0
"10","016","999","0569",3,5,1.40999997e+00,0
"10","999","999","0063",13,1323,3.79999995e-01,0
"10","999","999","0064",6,14388,4.19000006e+00,0
"10","999","999","0068",7,7946,2.30999994e+00,0
"10","999","999","0208",9,5015,1.46000004e+00,0
"10","999","999","0501",2,106521,3.09899998e+01,10
"10","999","999","0505",4,21889,6.36999989e+00,0
"10","999","999","0510",8,5656,1.64999998e+00,0
"10","999","999","0522",1,111433,3.24199982e+01,10
"10","999","999","0524",5,14467,4.21000004e+00,0
"10","999","999","0556",11,2043,5.89999974e-01,0
"10","999","999","0567",10,4509,1.30999994e+00,0
"10","999","999","0568",12,1927,5.60000002e-01,0
"10","999","999","0569",3,46564,1.35600004e+01,4
"12","001","999","0401",16,1459,1.55999994e+00,0
"12","001","999","0402",4,6635,7.09999990e+00,1
"12","001","999","0403",13,1843,1.97000003e+00,0
"12","001","999","0404",27,526,5.60000002e-01,0
"12","001","999","0405",10,2166,2.31999993e+00,0
"12","001","999","0406",5,5238,5.59999990e+00,0
"12","001","999","0407",6,5025,5.36999989e+00,0
"12","001","999","0408",14,1843,1.97000003e+00,0
"12","001","999","0409",7,3953,4.23000002e+00,0
"12","001","999","0410",11,2142,2.28999996e+00,0
"12","001","999","0411",2,15907,1.70100002e+01,3
"12","001","999","0412",3,9964,1.06599998e+01,1
"12","001","999","0413",12,1898,2.02999997e+00,0
"12","001","999","0414",9,2715,2.90000010e+00,0
"12","001","999","0415",19,1285,1.37000000e+00,0
"12","001","999","0416",21,1089,1.15999997e+00,0
"12","001","999","0417",22,947,1.00999999e+00,0
"12","001","999","0418",23,790,8.39999974e-01,0
"12","001","999","0419",8,3787,4.05000019e+00,0
"12","001","999","0420",15,1655,1.76999998e+00,0
"12","001","999","0421",17,1394,1.49000001e+00,0
"12","001","999","0422",18,1287,1.38000000e+00,0
"12","001","999","0423",20,1252,1.34000003e+00,0
"12","001","999","0424",26,566,6.10000014e-01,0
"12","001","999","0425",25,601,6.39999986e-01,0
"12","001","999","0426",24,767,8.19999993e-01,0
"12","001","999","0427",1,16774,1.79500008e+01,3
"12","002","999","0428",3,182,8.44999981e+00,0
"12","002","999","0429",1,1485,6.89400024e+01,1
"12","002","999","0430",2,487,2.26100006e+01,0
"12","003","999","0407",4,127,3.69000006e+00,0
"12","003","999","0409",3,361,1.04799995e+01,0
"12","003","999","0428",2,410,1.18999996e+01,0
"12","003","999","0429",1,2547,7.39300003e+01,1
"12","008","999","0408",6,218,3.49000001e+00,0
"12","008","999","0409",2,1227,1.96200008e+01,1
"12","008","999","0421",3,1162,1.85799999e+01,1
"12","008","999","0428",4,736,1.17700005e+01,0
"12","008","999","0430",7,162,2.58999991e+00,0
"12","008","999","0431",1,2030,3.24500008e+01,1
"12","008","999","0432",5,575,9.18999958e+00,0
"12","008","999","0433",8,145,2.30999994e+00,0
"12","010","999","0409",2,820,4.20099983e+01,0
"12","010","999","0428",4,60,3.06999993e+00,0
"12","010","999","0429",1,975,4.99500008e+01,1
"12","010","999","0434",3,97,4.96999979e+00,0
"12","015","999","0409",1,1662,6.07700005e+01,1
"12","015","999","0428",3,87,3.18000007e+00,0
"12","015","999","0429",2,935,3.41899986e+01,0
"12","015","999","0433",4,51,1.86000001e+00,0
"12","017","999","0404",8,89,1.03999996e+00,0
"12","017","999","0405",5,583,6.82999992e+00,0
"12","017","999","0407",6,427,5.01000023e+00,0
"12","017","999","0409",7,309,3.61999989e+00,0
"12","017","999","0414",10,54,6.29999995e-01,0
"12","017","999","0420",9,69,8.10000002e-01,0
"12","017","999","0421",2,2288,2.68199997e+01,1
"12","017","999","0428",4,789,9.25000000e+00,0
"12","017","999","0429",1,2558,2.99899998e+01,1
"12","017","999","0430",3,1364,1.60000000e+01,1
"12","999","999","0401",21,1459,1.23000002e+00,0
"12","999","999","0402",7,6635,5.59999990e+00,1
"12","999","999","0403",19,1843,1.54999995e+00,0
"12","999","999","0404",29,615,5.19999981e-01,0
"12","999","999","0405",14,2749,2.31999993e+00,0
"12","999","999","0406",11,5238,4.42000008e+00,0
"12","999","999","0407",10,5579,4.69999981e+00,0
"12","999","999","0408",17,2061,1.74000001e+00,0
"12","999","999","0409",4,8332,7.03000021e+00,2
"12","999","999","0410",16,2142,1.80999994e+00,0
"12","999","999","0411",3,15907,1.34099998e+01,3
"12","999","999","0412",6,9964,8.39999962e+00,1
"12","999","999","0413",18,1898,1.60000002e+00,0
"12","999","999","0414",13,2769,2.33999991e+00,0
"12","999","999","0415",23,1285,1.08000004e+00,0
"12","999","999","0416",25,1089,9.20000017e-01,0
"12","999","999","0417",26,947,8.00000012e-01,0
"12","999","999","0418",27,790,6.70000017e-01,0
"12","999","999","0419",12,3787,3.19000006e+00,0
"12","999","999","0420",20,1724,1.45000005e+00,0
"12","999","999","0421",5,4844,4.09000015e+00,2
"12","999","999","0422",22,1287,1.09000003e+00,0
"12","999","999","0423",24,1252,1.05999994e+00,0
"12","999","999","0424",32,566,4.79999989e-01,0
"12","999","999","0425",30,601,5.09999990e-01,0
"12","999","999","0426",28,767,6.49999976e-01,0
"12","999","999","0427",2,16774,1.41499996e+01,3
"12","999","999","0428",15,2264,1.90999997e+00,0
"12","999","999","0429",1,8500,7.17000008e+00,4
"12","999","999","0430",9,2013,1.70000005e+00,1
"12","999","999","0431",8,2030,1.71000004e+00,1
"12","999","999","0432",31,575,4.79999989e-01,0
"12","999","999","0433",33,196,2.19999999e-01,0
"12","999","999","0434",34,97,5.00000007e-02,0
"13","001","999","0003",1,39585,5.34099998e+01,0
"13","001","999","0008",8,391,5.29999971e-01,0
"13","001","999","0038",7,396,5.50000012e-01,0
"13","001","999","0501",2,11906,1.60599995e+01,0
"13","001","999","0504",6,2427,3.26999998e+00,0
"13","001","999","0505",3,11364,1.53299999e+01,0
"13","001","999","0527",4,5327,7.19000006e+00,0
"13","001","999","0528",5,2716,3.66000009e+00,0
"13","002","999","0003",1,61934,5.27700005e+01,0
"13","002","999","0008",8,413,3.49999994e-01,0
"13","002","999","0038",7,538,4.69999999e-01,0
"13","002","999","0501",2,21424,1.82500000e+01,0
"13","002","999","0504",5,4487,3.81999993e+00,0
"13","002","999","0505",3,20286,1.72800007e+01,0
"13","002","999","0527",4,5410,4.61000013e+00,0
"13","002","999","0528",6,2872,2.45000005e+00,0
"13","003","999","0003",1,71462,4.55600014e+01,0
"13","003","999","0008",7,802,5.09999990e-01,0
"13","003","999","0038",8,736,4.60000008e-01,0
"13","003","999","0501",2,42418,2.70400009e+01,0
"13","003","999","0504",4,7153,4.55999994e+00,0
"13","003","999","0505",3,24353,1.55299997e+01,0
"13","003","999","0527",5,7036,4.48999977e+00,0
"13","003","999","0528",6,2898,1.85000002e+00,0
"13","004","999","0003",1,47755,4.37200012e+01,0
"13","004","999","0008",7,745,6.80000007e-01,0
"13","004","999","0038",8,649,5.89999974e-01,0
"13","004","999","0501",2,29875,2.73500004e+01,0
"13","004","999","0504",4,4466,4.09000015e+00,0
"13","004","999","0505",3,19293,1.76599998e+01,0
"13","004","999","0527",5,4445,4.07000017e+00,0
"13","004","999","0528",6,2013,1.84000003e+00,0
"13","005","999","0003",2,8395,3.75800018e+01,0
"13","005","999","0008",8,102,4.60000008e-01,0
"13","005","999","0038",7,120,5.40000021e-01,0
"13","005","999","0501",1,8857,3.96500015e+01,0
"13","005","999","0504",5,867,3.88000011e+00,0
"13","005","999","0505",3,2948,1.31999998e+01,0
"13","005","999","0527",4,899,4.01999998e+00,0
"13","005","999","0528",6,149,6.70000017e-01,0
"13","006","999","0003",1,45313,4.56899986e+01,0
"13","006","999","0008",8,321,3.19999993e-01,0
"13","006","999","0038",7,432,4.49999988e-01,0
"13","006","999","0501",2,27407,2.76299992e+01,0
"13","006","999","0504",4,4127,4.15999985e+00,0
"13","006","999","0505",3,16329,1.64599991e+01,0
"13","006","999","0527",5,3823,3.84999990e+00,0
"13","006","999","0528",6,1433,1.44000006e+00,0
"13","007","999","0003",1,31849,4.49199982e+01,0
"13","007","999","0008",8,333,4.69999999e-01,0
"13","007","999","0038",7,417,5.79999983e-01,0
"13","007","999","0501",2,14965,2.11100006e+01,0
"13","007","999","0504",5,4660,6.57000017e+00,0
"13","007","999","0505",3,11677,1.64699993e+01,0
"13","007","999","0527",4,5457,7.69999981e+00,0
"13","007","999","0528",6,1547,2.18000007e+00,0
"13","008","999","0003",1,8874,5.11500015e+01,0
"13","008","999","0008",8,90,5.19999981e-01,0
"13","008","999","0038",7,101,5.89999974e-01,0
"13","008","999","0501",2,4537,2.61499996e+01,0
"13","008","999","0504",5,599,3.45000005e+00,0
"13","008","999","0505",4,1416,8.15999985e+00,0
"13","008","999","0527",3,1567,9.02999973e+00,0
"13","008","999","0528",6,165,9.49999988e-01,0
"13","009","999","0003",1,32045,4.63899994e+01,0
"13","009","999","0008",7,394,5.69999993e-01,0
"13","009","999","0038",8,343,4.90000010e-01,0
"13","009","999","0501",2,20700,2.99699993e+01,0
"13","009","999","0504",5,2591,3.75000000e+00,0
"13","009","999","0505",3,8809,1.27500000e+01,0
"13","009","999","0527",4,3092,4.48000002e+00,0
"13","009","999","0528",6,1105,1.60000002e+00,0
"13","010","999","0003",1,13869,5.66899986e+01,0
"13","010","999","0008",7,129,5.29999971e-01,0
"13","010","999","0038",8,111,4.49999988e-01,0
"13","010","999","0501",2,4918,2.01000004e+01,0
"13","010","999","0504",5,937,3.82999992e+00,0
"13","010","999","0505",3,3058,1.25000000e+01,0
"13","010","999","0527",4,1061,4.34000015e+00,0
"13","010","999","0528",6,382,1.55999994e+00,0
"13","011","999","0003",1,17126,5.22299995e+01,0
"13","011","999","0008",7,204,6.20000005e-01,0
"13","011","999","0038",8,125,3.89999986e-01,0
"13","011","999","0501",2,8394,2.56000004e+01,0
"13","011","999","0504",5,1230,3.75000000e+00,0
"13","011","999","0505",3,3412,1.04099998e+01,0
"13","011","999","0527",4,1332,4.05999994e+00,0
"13","011","999","0528",6,965,2.94000006e+00,0
"13","012","999","0003",1,12923,4.55800018e+01,0
"13","012","999","0008",8,157,5.50000012e-01,0
"13","012","999","0038",7,162,5.69999993e-01,0
"13","012","999","0501",2,9990,3.52400017e+01,0
"13","012","999","0504",5,619,2.18000007e+00,0
"13","012","999","0505",3,2871,1.01300001e+01,0
"13","012","999","0527",4,1071,3.77999997e+00,0
"13","012","999","0528",6,559,1.97000003e+00,0
"13","013","999","0003",1,10228,5.56300011e+01,0
"13","013","999","0008",7,131,7.09999979e-01,0
"13","013","999","0038",8,107,5.79999983e-01,0
"13","013","999","0501",2,3531,1.92000008e+01,0
"13","013","999","0504",6,527,2.86999989e+00,0
"13","013","999","0505",3,2361,1.28400002e+01,0
"13","013","999","0527",4,902,4.90999985e+00,0
"13","013","999","0528",5,599,3.25999999e+00,0
"13","014","999","0003",2,3626,3.58100014e+01,0
"13","014","999","0008",7,67,6.60000026e-01,0
"13","014","999","0038",8,47,4.69999999e-01,0
"13","014","999","0501",1,4477,4.42099991e+01,0
"13","014","999","0504",5,166,1.63999999e+00,0
"13","014","999","0505",4,646,6.38000011e+00,0
"13","014","999","0527",3,1019,1.00600004e+01,0
"13","014","999","0528",6,78,7.69999981e-01,0
"13","015","999","0003",1,3748,5.58899994e+01,0
"13","015","999","0008",8,25,3.70000005e-01,0
"13","015","999","0038",7,31,4.60000008e-01,0
"13","015","999","0501",2,2202,3.28400002e+01,0
"13","015","999","0504",5,144,2.15000010e+00,0
"13","015","999","0505",4,253,3.76999998e+00,0
"13","015","999","0527",3,266,3.97000003e+00,0
"13","015","999","0528",6,37,5.50000012e-01,0
"13","016","999","0003",2,40252,3.87000008e+01,0
"13","016","999","0008",8,662,6.39999986e-01,0
"13","016","999","0038",7,681,6.60000026e-01,0
"13","016","999","0501",1,43683,4.20000000e+01,0
"13","016","999","0504",5,2061,1.98000002e+00,0
"13","016","999","0505",4,7196,6.92000008e+00,0
"13","016","999","0527",3,7725,7.42999983e+00,0
"13","016","999","0528",6,1741,1.66999996e+00,0
"13","017","999","0003",1,6393,4.22799988e+01,0
"13","017","999","0008",6,135,8.89999986e-01,0
"13","017","999","0038",8,96,6.29999995e-01,0
"13","017","999","0501",2,5699,3.76899986e+01,0
"13","017","999","0504",3,1350,8.93000031e+00,0
"13","017","999","0505",4,674,4.46000004e+00,0
"13","017","999","0527",5,645,4.26999998e+00,0
"13","017","999","0528",7,129,8.50000024e-01,0
"13","018","999","0003",1,10933,4.06100006e+01,0
"13","018","999","0008",7,226,8.39999974e-01,0
"13","018","999","0038",8,218,8.00000012e-01,0
"13","018","999","0501",2,9595,3.56399994e+01,0
"13","018","999","0504",6,665,2.47000003e+00,0
"13","018","999","0505",4,939,3.49000001e+00,0
"13","018","999","0527",3,3513,1.30500002e+01,0
"13","018","999","0528",5,836,3.09999990e+00,0
"13","991","999","0003",1,167197,4.61199989e+01,5
"13","991","999","0008",7,2040,5.60000002e-01,0
"13","991","999","0038",8,1901,5.29999971e-01,0
"13","991","999","0501",2,93056,2.56700001e+01,2
"13","991","999","0504",5,14913,4.11000013e+00,0
"13","991","999","0505",3,57958,1.59899998e+01,1
"13","991","999","0527",4,17707,4.88000011e+00,0
"13","991","999","0528",6,7776,2.14000010e+00,0
"13","992","999","0003",1,115727,4.77500000e+01,3
"13","992","999","0008",7,1140,4.69999999e-01,0
"13","992","999","0038",8,1089,4.60000008e-01,0
"13","992","999","0501",2,68098,2.81000004e+01,2
"13","992","999","0504",5,9195,3.78999996e+00,0
"13","992","999","0505",3,32507,1.34099998e+01,1
"13","992","999","0527",4,10593,4.36999989e+00,0
"13","992","999","0528",6,4000,1.64999998e+00,0
"13","993","999","0003",1,125808,4.98499985e+01,3
"13","993","999","0008",8,1124,4.49999988e-01,0
"13","993","999","0038",7,1325,5.09999990e-01,0
"13","993","999","0501",2,54447,2.15799999e+01,1
"13","993","999","0504",5,10892,4.32000017e+00,0
"13","993","999","0505",3,38611,1.53000002e+01,1
"13","993","999","0527",4,14407,5.71000004e+00,0
"13","993","999","0528",6,5742,2.27999997e+00,0
"13","994","999","0003",2,57578,3.94199982e+01,2
"13","994","999","0008",7,1023,6.99999988e-01,0
"13","994","999","0038",8,995,6.89999998e-01,0
"13","994","999","0501",1,58977,4.03800011e+01,3
"13","994","999","0504",5,4076,2.78999996e+00,0
"13","994","999","0505",4,8809,6.03000021e+00,0
"13","994","999","0527",3,11883,8.14000034e+00,0
"13","994","999","0528",6,2706,1.85000002e+00,0
"13","999","999","0003",1,466310,4.64799995e+01,13
"13","999","999","0008",7,5327,5.29999971e-01,0
"13","999","999","0038",8,5310,5.29999971e-01,0
"13","999","999","0501",2,274578,2.73700008e+01,8
"13","999","999","0504",5,39076,3.89000010e+00,0
"13","999","999","0505",3,137885,1.37399998e+01,3
"13","999","999","0527",4,54590,5.44000006e+00,0
"13","999","999","0528",6,20224,2.01999998e+00,0
"19","001","999","0150",4,5877,5.50000000e+00,0
"19","001","999","0159",6,4864,4.55999994e+00,0
"19","001","999","0162",5,4870,4.55999994e+00,0
"19","001","999","0163",7,4478,4.19000006e+00,0
"19","001","999","0501",2,24966,2.33799992e+01,3
"19","001","999","0504",1,37453,3.50800018e+01,4
"19","001","999","0514",3,24270,2.27299995e+01,3
"19","002","999","0159",2,1986,2.40300007e+01,1
"19","002","999","0162",5,391,4.73000002e+00,0
"19","002","999","0501",4,508,6.13999987e+00,0
"19","002","999","0504",1,3544,4.28600006e+01,1
"19","002","999","0514",3,1839,2.22399998e+01,1
"19","006","999","0162",4,746,5.09000015e+00,0
"19","006","999","0501",3,3187,2.17800007e+01,1
"19","006","999","0504",1,5516,3.76899986e+01,1
"19","006","999","0514",2,5187,3.54399986e+01,1
"19","008","999","0501",2,791,3.19599991e+01,1
"19","008","999","0504",1,1383,5.58800011e+01,2
"19","008","999","0514",3,301,1.21599998e+01,0
"19","009","999","0501",3,571,8.69999981e+00,0
"19","009","999","0504",1,3647,5.55900002e+01,2
"19","009","999","0514",2,2343,3.57099991e+01,1
"19","999","999","0150",6,5877,4.23999977e+00,0
"19","999","999","0159",4,6850,4.92999983e+00,1
"19","999","999","0162",5,6007,4.32999992e+00,0
"19","999","999","0163",7,4478,3.23000002e+00,0
"19","999","999","0501",3,30023,2.16399994e+01,5
"19","999","999","0504",1,51543,3.71599998e+01,10
"19","999","999","0514",2,33940,2.44699993e+01,6
"88","999","999","0501",1,1125989,4.18300018e+01,0
"88","999","999","0505",4,155145,5.76000023e+00,0
"88","999","999","0507",5,111174,4.13000011e+00,0
"88","999","999","0510",2,1049421,3.89799995e+01,0
"88","999","999","0511",6,29329,1.09000003e+00,0
"88","999","999","0513",7,0,0.00000000e+00,0
"88","999","999","0514",3,221004,8.21000004e+00,0
